{
  "type": "minecraft:crafting_shaped",
  "category": "misc",
  "key": {
    "E": {
      "item": "compactmachines:enlarging_module"
    },
    "P": {
      "tag": "c:nether_stars"
    },
    "S": {
      "item": "compactmachines:shrinking_module"
    },
    "W": {
      "item": "compactmachines:wall"
    }
  },
  "pattern": [
    "WWW",
    "EPS",
    "WWW"
  ],
  "result": {
    "components": {
      "compactmachines:machine_color": "#7B2FBE",
      "compactmachines:room_template": "compactmachines:soaryn"
    },
    "count": 1,
    "id": "compactmachines:new_machine"
  }
}