{
  "enabled": true,
  "group": {
    "break": {
      "sound_id": "sounds:block.packed_ice.break"
    },
    "fall": {
      "sound_id": "sounds:block.packed_ice.fall"
    },
    "hit": {
      "sound_id": "sounds:block.packed_ice.hit"
    },
    "pitch": 1.0,
    "place": {
      "sound_id": "sounds:block.packed_ice.place"
    },
    "step": {
      "sound_id": "sounds:block.packed_ice.step"
    },
    "volume": 1.0
  },
  "keys": [
    "rechiseled:blue_ice_bordered",
	"rechiseled:blue_ice_bordered_connecting",
	"rechiseled:blue_ice_bricks",
	"rechiseled:blue_ice_bricks_connecting",
	"rechiseled:blue_ice_chiseled",
	"rechiseled:blue_ice_chiseled_connecting",
	"rechiseled:blue_ice_cone",
	"rechiseled:blue_ice_cracked",
	"rechiseled:blue_ice_patterned",
	"rechiseled:blue_ice_patterned_connecting",
	"rechiseled:blue_ice_pillar",
	"rechiseled:blue_ice_pillar_connecting",
	"rechiseled:blue_ice_rocky",
	"rechiseled:blue_ice_slanted_tiles",
	"rechiseled:blue_ice_slanted_tiles_connecting",
	"rechiseled:blue_ice_tiles",
	"rechiseled:blue_ice_tiles_connecting"
  ]
}