{
  "enabled": true,
  "group": {
    "break": {
      "sound_id": "sounds:block.cobblestone.break"
    },
    "fall": {
      "sound_id": "sounds:block.cobblestone.fall"
    },
    "hit": {
      "sound_id": "sounds:block.cobblestone.hit"
    },
    "pitch": 1.0,
    "place": {
      "sound_id": "sounds:block.cobblestone.place"
    },
    "step": {
      "sound_id": "sounds:block.cobblestone.step"
    },
    "volume": 1.0
  },
  "keys": [
    "rechiseled:cobblestone_beams",
    "rechiseled:cobblestone_beams_connecting",
    "rechiseled:cobblestone_brick_pattern",
    "rechiseled:cobblestone_brick_pattern_connecting",
    "rechiseled:cobblestone_brick_paving",
    "rechiseled:cobblestone_brick_paving_connecting",
    "rechiseled:cobblestone_chiseled_border",
    "rechiseled:cobblestone_chiseled_border_connecting",
    "rechiseled:cobblestone_crosses",
    "rechiseled:cobblestone_crosses_connecting",
    "rechiseled:cobblestone_dented",
    "rechiseled:cobblestone_dented_connecting",
    "rechiseled:cobblestone_inverted_dented",
    "rechiseled:cobblestone_inverted_dented_connecting",
    "rechiseled:cobblestone_large_square",
    "rechiseled:cobblestone_paving",
    "rechiseled:cobblestone_paving_connected",
    "rechiseled:cobblestone_pillar",
    "rechiseled:cobblestone_pillar_connected",
    "rechiseled:cobblestone_polished",
    "rechiseled:cobblestone_pulverized",
    "rechiseled:cobblestone_pulverized_connecting",
    "rechiseled:cobblestone_rotated_bricks",
    "rechiseled:cobblestone_rotated_bricks_connecting",
    "rechiseled:cobblestone_sheared",
    "rechiseled:cobblestone_small_tiles",
    "rechiseled:cobblestone_small_tiles_connecting",
    "rechiseled:cobblestone_squares",
    "rechiseled:cobblestone_squares_connecting",
    "rechiseled:cobblestone_stripes",
    "rechiseled:cobblestone_stripes_connecting",
    "rechiseled:cobblestone_tiles",
    "rechiseled:cobblestone_tiles_connecting",
    "rechiseled:cobblestone_worn_stripes",
    "rechiseled:cobblestone_worn_stripes_connecting"
  ]
}