{
  "enabled": true,
  "group": {
    "break": {
      "sound_id": "minecraft:block.deepslate_tiles.break"
    },
    "fall": {
      "sound_id": "minecraft:block.deepslate_tiles.fall"
    },
    "hit": {
      "sound_id": "minecraft:block.deepslate_tiles.hit"
    },
    "pitch": 1.0,
    "place": {
      "sound_id": "minecraft:block.deepslate_tiles.place"
    },
    "step": {
      "sound_id": "minecraft:block.deepslate_tiles.step"
    },
    "volume": 1.0
  },
  "keys": [
    "rechiseled:dark_prismarine_beams",
	"rechiseled:dark_prismarine_beams_connecting",
	"rechiseled:dark_prismarine_brick_paving",
	"rechiseled:dark_prismarine_brick_paving_connecting",
	"rechiseled:dark_prismarine_bricks",
	"rechiseled:dark_prismarine_bricks_connecting",
	"rechiseled:dark_prismarine_dotted",
	"rechiseled:dark_prismarine_fotted_connecting",
	"rechiseled:dark_prismarine_fabric",
	"rechiseled:dark_prismarine_fabric_connecting",
	"rechiseled:dark_prismarine_large_tiles",
	"rechiseled:dark_prismarine_large_tiles_connecting",
	"rechiseled:dark_prismarine_rotated_bricks",
	"rechiseled:dark_prismarine_rotated_bricks_connecting",
	"rechiseled:dark_prismarine_rows",
	"rechiseled:dark_prismarine_rows_connecting",
	"rechiseled:dark_prismarine_squares",
	"rechiseled:dark_prismarine_squares_connecting",
	"rechiseled:dark_prismarine_tiles",
	"rechiseled:dark_prismarine_tiles_connecting",
	"rechiseled:dark_prismarine_wavy",
	"rechiseled:dark_prismarine_wavy_connecting",
	"rechiseled:dark_prismarine_woven",
	"rechiseled:dark_prismarine_woven_connecting"
  ]
}