{
  "enabled": true,
  "group": {
    "break": {
      "sound_id": "sounds:block.quartz.break"
    },
    "fall": {
      "sound_id": "minecraft:block.deepslate.fall"
    },
    "hit": {
      "sound_id": "minecraft:block.stone.hit"
    },
    "pitch": 1.0,
    "place": {
      "sound_id": "minecraft:block.deepslate.place"
    },
    "step": {
      "sound_id": "sounds:block.quartz.step"
    },
    "volume": 1.0
  },
  "keys": [
    "rechiseled:diamond_block_chiseled",
	"rechiseled:diamond_block_chiseled_connecting",
	"rechiseled:diamond_block_cubes",
	"rechiseled:diamond_block_cubes_connecting",
	"rechiseled:diamond_block_connecting_connecting",
	"rechiseled:diamond_block_diagonal_tiles",
	"rechiseled:diamond_block_grid",
	"rechiseled:diamond_block_grid_connecting",
	"rechiseled:diamond_block_jewel_block",
	"rechiseled:diamond_block_jewel_block_connecting",
	"rechiseled:diamond_block_polished",
	"rechiseled:diamond_block_polished_connecting",
	"rechiseled:diamond_block_rhombuses",
	"rechiseled:diamond_block_rhombuses_connecting",
	"rechiseled:diamond_block_shiny",
	"rechiseled:diamond_block_shiny_bordered",
	"rechiseled:diamond_block_shiny_bordered_connecting",
	"rechiseled:diamond_block_small_tiles",
	"rechiseled:diamond_block_small_tiles_connecting",
	"rechiseled:diamond_block_smooth"
  ]
}