{
  "enabled": true,
  "group": {
    "break": {
      "sound_id": "minecraft:block.bone_block.break"
    },
    "fall": {
      "sound_id": "minecraft:block.bone_block.fall"
    },
    "hit": {
      "sound_id": "minecraft:block.bone_block.hit"
    },
    "pitch": 1.2,
    "place": {
      "sound_id": "sounds:block.quartz.place"
    },
    "step": {
      "sound_id": "minecraft:block.bone_block.step"
    },
    "volume": 1.0
  },
  "keys": [
    "rechiseled:emerald_block_bordered_crosses",
	"rechiseled:emerald_block_bordered_crosses_connecting",
	"rechiseled:emerald_block_bordered_plating",
	"rechiseled:emerald_block_bordered_plating_connecting",
	"rechiseled:emerald_block_chiseled",
	"rechiseled:emerald_block_chiseled_connecting",
	"rechiseled:emerald_block_clovers",
	"rechiseled:emerald_block_clovers_connecting",
	"rechiseled:emerald_block_crosses",
	"rechiseled:emerald_block_crystal",
	"rechiseled:emerald_block_crystal_connecting",
	"rechiseled:emerald_block_patterned",
	"rechiseled:emerald_block_patterned_connecting",
	"rechiseled:emerald_block_patterned_squares",
	"rechiseled:emerald_block_patterned_squares_connecting",
	"rechiseled:emerald_block_pillar",
	"rechiseled:emerald_block_pllar_connecting",
	"rechiseled:emerald_block_plating",
	"rechiseled:emerald_block_polished",
	"rechiseled:emerald_block_polished_connecting",
	"rechiseled:emerald_block_smooth",
	"rechiseled:emerald_block_striped",
	"rechiseled:emerald_block_striped_connecting",
	"rechiseled:emerald_block_waxed",
	"rechiseled:emerald_block_waxed_connecting"
  ]
}