{
  "enabled": true,
  "group": {
    "break": {
      "sound_id": "sounds:block.quartz.break"
    },
    "fall": {
      "sound_id": "minecraft:block.stone.fall"
    },
    "hit": {
      "sound_id": "minecraft:block.stone.hit"
    },
    "pitch": 0.8,
    "place": {
      "sound_id": "sounds:block.quartz.place"
    },
    "step": {
      "sound_id": "sounds:block.quartz.step"
    },
    "volume": 0.9
  },
  "keys": [
    "rechiseled:end_stone_blobs",
	"rechiseled:end_stone_blobs_connecting",
	"rechiseled:end_stone_chiseled",
	"rechiseled:end_stone_chiseled_connecting",
	"rechiseled:end_stone_crushed",
	"rechiseled:end_stone_crushed_connecting",
	"rechiseled:end_stone_mesh",
	"rechiseled:end_stone_mesh_connecting",
	"rechiseled:end_stone_paving",
	"rechiseled:end_stone_paving_connecting",
	"rechiseled:end_stone_polished",
	"rechiseled:end_stone_polished_connecting",
	"rechiseled:end_stone_scales",
	"rechiseled:end_stone_scales_connecting",
	"rechiseled:end_stone_small_tiles",
	"rechiseled:end_stone_small_tiles_connecting",
	"rechiseled:end_stone_spiral_pattern",
	"rechiseled:end_stone_spiral_pattern_connecting",
	"rechiseled:end_stone_squares",
	"rechiseled:end_stone_squares_connecting",
	"rechiseled:end_stone_tiles",
	"rechiseled:end_stone_tiles_connecting"
  ]
}