{
  "enabled": true,
  "group": {
    "break": {
      "sound_id": "minecraft:block.deepslate_bricks.break"
    },
    "fall": {
      "sound_id": "minecraft:block.deepslate_bricks.fall"
    },
    "hit": {
      "sound_id": "minecraft:block.deepslate_bricks.hit"
    },
    "pitch": 1.0,
    "place": {
      "sound_id": "minecraft:block.deepslate_bricks.place"
    },
    "step": {
      "sound_id": "sounds:block.quartz.step"
    },
    "volume": 1.0
  },
  "keys": [
    "rechiseled:end_stone_brick_pattern",
	"rechiseled:end_stone_brick_pattern_connecting",
	"rechiseled:end_stone_brick_paving",
	"rechiseled:end_stone_brick_paving_connecting",
	"rechiseled:end_stone_diagonal_bricks",
	"rechiseled:end_stone_diagonal_bricks_connecting",
	"rechiseled:end_stone_rotated_bricks",
	"rechiseled:end_stone_rotated_bricks_connecting"
  ]
}