{
  "enabled": true,
  "group": {
    "break": {
      "sound_id": "sounds:block.glass.break"
    },
    "fall": {
      "sound_id": "minecraft:block.glass.fall"
    },
    "hit": {
      "sound_id": "minecraft:block.glass.hit"
    },
    "pitch": 1.0,
    "place": {
      "sound_id": "sounds:block.glass.place"
    },
    "step": {
      "sound_id": "sounds:block.glass.step"
    },
    "volume": 1.0
  },
  "keys": [
    "rechiseled:glowstone_brick_pattern",
	"rechiseled:glowstone_brick_pattern_connecting",
	"rechiseled:glowstone_brick_paving",
	"rechiseled:glowstone_brick_paving_connecnting",
	"rechiseled:glowstone_bricks",
	"rechiseled:glowstone_bricks_connecting",
	"rechiseled:glowstone_crushed",
	"rechiseled:glowstone_crushed_connecting",
	"rechiseled:glowstone_large_tiles",
	"rechiseled:glowstone_large_tiles_connecting",
	"rechiseled:glowstone_rotated_bricks",
	"rechiseled:glowstone_rotated_bricks_connecting",
	"rechiseled:glowstone_small_tiles",
	"rechiseled:glowstone_small_tiles_connecting",
	"rechiseled:glowstone_smooth",
	"rechiseled:glowstone_smooth_connecting",
	"rechiseled:glowstone_tiles",
	"rechiseled:glowstone_tiles_connecting"
  ]
}