{
  "enabled": true,
  "group": {
    "break": {
      "sound_id": "minecraft:block.netherite_block.break"
    },
    "fall": {
      "sound_id": "minecraft:block.netherite_block.fall"
    },
    "hit": {
      "sound_id": "minecraft:block.netherite_block.hit"
    },
    "pitch": 1.6,
    "place": {
      "sound_id": "minecraft:block.netherite_block.place"
    },
    "step": {
      "sound_id": "sounds:block.gold_block.step"
    },
    "volume": 1.0
  },
  "keys": [
    "rechiseled:gold_block_beams",
	"rechiseled:gold_block_beams_connecting",
	"rechiseled:gold_block_bordered",
	"rechiseled:gold_block_bordered_connecting",
	"rechiseled:gold_block_lines",
	"rechiseled:gold_block_lines_connecting",
	"rechiseled:gold_block_pattern",
	"rechiseled:gold_block_pattern_connecting",
	"rechiseled:gold_block_polished",
	"rechiseled:gold_block_polished_connecting",
	"rechiseled:gold_block_scales",
	"rechiseled:gold_block_scales_connecting",
	"rechiseled:gold_block_small_bricks",
	"rechiseled:gold_block_small_bricks_connecting",
	"rechiseled:gold_block_small_tiles",
	"rechiseled:gold_block_small_tiles_connecting",
	"rechiseled:gold_block_striped",
	"rechiseled:gold_block_striped_connecting",
	"rechiseled:gold_block_smooth",
	"rechiseled:gold_block_tiles",
	"rechiseled:gold_block_tiles_connecting"
  ]
}