{
  "enabled": true,
  "group": {
    "break": {
      "sound_id": "minecraft:block.netherite_block.break"
    },
    "fall": {
      "sound_id": "minecraft:block.netherite_block.fall"
    },
    "hit": {
      "sound_id": "minecraft:block.netherite_block.hit"
    },
    "pitch": 1.2,
    "place": {
      "sound_id": "minecraft:block.netherite_block.place"
    },
    "step": {
      "sound_id": "sounds:block.iron_block.step"
    },
    "volume": 1.0
  },
  "keys": [
    "rechiseled:iron_block_bordered",
	"rechiseled:iron_block_bordered_connecting",
	"rechiseled:iron_block_chiseled",
	"rechiseled:iron_block_chiseled_connecting",
	"rechiseled:iron_block_connecting_connecting",
	"rechiseled:iron_block_framed",
	"rechiseled:iron_block_framed_connecting",
	"rechiseled:iron_block_gears",
	"rechiseled:iron_block_gears_connecting",
	"rechiseled:iron_block_lines",
	"rechiseled:iron_block_lines_connecting",
	"rechiseled:iron_block_patterned",
	"rechiseled:iron_block_patterned_connecting",
	"rechiseled:iron_block_pipes",
	"rechiseled:iron_block_pipes_connecting",
	"rechiseled:iron_block_plated",
	"rechiseled:iron_block_polished",
	"rechiseled:iron_block_polished_connecting",
	"rechiseled:iron_block_processed",
	"rechiseled:iron_block_processed_connecting",
	"rechiseled:iron_block_pulverized",
	"rechiseled:iron_block_reinforced",
	"rechiseled:iron_block_sheets",
	"rechiseled:iron_block_small_bricks",
	"rechiseled:iron_block_small_bricks_connecting",
	"rechiseled:iron_block_smooth"
  ]
}