{
  "enabled": true,
  "group": {
    "break": {
      "sound_id": "sounds:block.mangrove_planks.break"
    },
    "fall": {
      "sound_id": "sounds:block.mangrove_planks.fall"
    },
    "hit": {
      "sound_id": "sounds:block.mangrove_planks.hit"
    },
    "pitch": 1.0,
    "place": {
      "sound_id": "sounds:block.mangrove_planks.place"
    },
    "step": {
      "sound_id": "sounds:block.mangrove_planks.step"
    },
    "volume": 1.0
  },
  "keys": [
    "rechiseled:mangrove_planks_beams",
    "rechiseled:mangrove_planks_beams_connecting",
    "rechiseled:mangrove_planks_brick_pattern",
    "rechiseled:mangrove_planks_brick_pattern_connecting",
    "rechiseled:mangrove_planks_brick_paving",
    "rechiseled:mangrove_planks_brick_paving_connecting",
    "rechiseled:mangrove_planks_bricks",
    "rechiseled:mangrove_planks_bricks_connecting",
    "rechiseled:mangrove_planks_crate",
    "rechiseled:mangrove_planks_crate_connecting",
    "rechiseled:mangrove_planks_diagonal_stripes",
    "rechiseled:mangrove_planks_diagonal_stripes_connecting",
    "rechiseled:mangrove_planks_diagonal_tiles",
    "rechiseled:mangrove_planks_diagonal_tiles_connecting",
    "rechiseled:mangrove_planks_dotted",
    "rechiseled:mangrove_planks_dotted_connecting",
    "rechiseled:mangrove_planks_flooring",
    "rechiseled:mangrove_planks_flooring_connecting",
    "rechiseled:mangrove_planks_large_tiles",
    "rechiseled:mangrove_planks_large_tiles_connecting",
    "rechiseled:mangrove_planks_mosaic",
    "rechiseled:mangrove_planks_pattern",
    "rechiseled:mangrove_planks_pattern_connecting",
    "rechiseled:mangrove_planks_rotated_bricks",
    "rechiseled:mangrove_planks_rotated_bricks_connecting",
    "rechiseled:mangrove_planks_small_bricks",
    "rechiseled:mangrove_planks_small_bricks_connecting",
    "rechiseled:mangrove_planks_small_tiles",
    "rechiseled:mangrove_planks_small_tiles_connecting",
    "rechiseled:mangrove_planks_squares",
    "rechiseled:mangrove_planks_squares_connecting",
    "rechiseled:mangrove_planks_tiles",
    "rechiseled:mangrove_planks_tiles_connecting",
    "rechiseled:mangrove_planks_wavy",
    "rechiseled:mangrove_planks_wavy_connecting",
    "rechiseled:mangrove_planks_woven",
    "rechiseled:mangrove_planks_woven_connecting"
  ]
}