{
  "enabled": true,
  "group": {
    "break": {
      "sound_id": "sounds:block.mossy_cobblestone.break"
    },
    "fall": {
      "sound_id": "sounds:block.cobblestone.fall"
    },
    "hit": {
      "sound_id": "sounds:block.mossy_cobblestone.hit"
    },
    "pitch": 1.0,
    "place": {
      "sound_id": "sounds:block.cobblestone.place"
    },
    "step": {
      "sound_id": "sounds:block.mossy_cobblestone.step"
    },
    "volume": 1.0
  },
  "keys": [
    "rechiseled:mossy_cobblestone_beams",
    "rechiseled:mossy_cobblestone_beams_connecting",
    "rechiseled:mossy_cobblestone_dented",
    "rechiseled:mossy_cobblestone_dented_connecting",
    "rechiseled:mossy_cobblestone_inverted_dented",
    "rechiseled:mossy_cobblestone_inverted_dented_connecting",
    "rechiseled:mossy_cobblestone_paving",
    "rechiseled:mossy_cobblestone_paving_connected",
    "rechiseled:mossy_cobblestone_small_tiles",
    "rechiseled:mossy_cobblestone_small_tiles_connecting",
    "rechiseled:mossy_cobblestone_squares",
    "rechiseled:mossy_cobblestone_squares_connecting",
    "rechiseled:mossy_cobblestone_stripes",
    "rechiseled:mossy_cobblestone_stripes_connecting",
    "rechiseled:mossy_cobblestone_worn_stripes",
    "rechiseled:mossy_cobblestone_worn_stripes_connecting"
  ]
}