{
  "enabled": true,
  "group": {
    "break": {
      "sound_id": "sounds:block.quartz.break"
    },
    "fall": {
      "sound_id": "minecraft:block.deepslate.fall"
    },
    "hit": {
      "sound_id": "minecraft:block.stone.hit"
    },
    "pitch": 1.0,
    "place": {
      "sound_id": "minecraft:block.deepslate.place"
    },
    "step": {
      "sound_id": "sounds:block.quartz.step"
    },
    "volume": 1.0
  },
  "keys": [
    "rechiseled:quartz_block_bordered",
	"rechiseled:quartz_block_bordered_connecting",
	"rechiseled:quartz_block_brick_paving",
	"rechiseled:quartz_block_brick_paving_connecting",
	"rechiseled:quartz_block_chiseled_pillar",
	"rechiseled:quartz_block_chiseled_pillar_connecting",
	"rechiseled:quartz_block_chiseled_squares",
	"rechiseled:quartz_block_connecting_connecting",
	"rechiseled:quartz_block_block_crosses",
	"rechiseled:quartz_block_crosses_connecting",
	"rechiseled:quartz_block_diagonal_tiles",
	"rechiseled:quartz_block_diagonal_tiles_connecting",
	"rechiseled:quartz_block_pattern",
	"rechiseled:quartz_block_pattern_connecting",
	"rechiseled:quartz_block_rotated_bricks",
	"rechiseled:quartz_block_rotated_bricks_connecting",
	"rechiseled:quartz_block_rows",
	"rechiseled:quartz_block_rows_connecting",
	"rechiseled:quartz_block_scales",
	"rechiseled:quartz_block_scales_connecting",
	"rechiseled:quartz_block_small_tiles",
	"rechiseled:quartz_block_small_tiles_connecting",
	"rechiseled:quartz_block_squares",
	"rechiseled:quartz_block_squares_connecting",
	"rechiseled:quartz_block_stripes",
	"rechiseled:quartz_block_stripes_connecting",
	"rechiseled:quartz_block_tiles",
	"rechiseled:quartz_block_tiles_connecting"
  ]
}