{
  "enabled": true,
  "group": {
    "break": {
      "sound_id": "sounds:block.quartz.break"
    },
    "fall": {
      "sound_id": "minecraft:block.deepslate.fall"
    },
    "hit": {
      "sound_id": "minecraft:block.stone.hit"
    },
    "pitch": 1.0,
    "place": {
      "sound_id": "minecraft:block.deepslate.place"
    },
    "step": {
      "sound_id": "sounds:block.quartz.step"
    },
    "volume": 1.0
  },
  "keys": [
    "rechiseled:redstone_block_bordered",
	"rechiseled:redstone_block_bordered_connecting",
	"rechiseled:redstone_block_bricks",
	"rechiseled:redstone_block_bricks_connecting",
	"rechiseled:redstone_block_brick_ordered",
	"rechiseled:redstone_block_chiseled_clovers",
	"rechiseled:redstone_block_chiseled_clovers_connecting",
	"rechiseled:redstone_block_circles",
	"rechiseled:redstone_block_circles_connecting",
	"rechiseled:redstone_block_compressed",
	"rechiseled:redstone_block_compressed_connecting",
	"rechiseled:redstone_block_crushed",
	"rechiseled:redstone_block_diagonal_tiles",
	"rechiseled:redstone_block_diagonal_tiles_connecting",
	"rechiseled:redstone_block_patterned",
	"rechiseled:redstone_block_patterned_connecting",
	"rechiseled:redstone_block_paving",
	"rechiseled:redstone_block_paving_connecting",
	"rechiseled:redstone_block_pillar",
	"rechiseled:redstone_block_pillar_connecting",
	"rechiseled:redstone_block_polished",
	"rechiseled:redstone_block_polished_connecting",
	"rechiseled:redstone_block_scales",
	"rechiseled:redstone_block_scales_connecting",
	"rechiseled:redstone_block_small_tiles",
	"rechiseled:redstone_block_small_tiles_connecting",
	"rechiseled:redstone_block_smooth"
  ]
}