{
  "enabled": true,
  "group": {
    "break": {
      "sound_id": "minecraft:block.tuff.break"
    },
    "fall": {
      "sound_id": "minecraft:block.tuff.fall"
    },
    "hit": {
      "sound_id": "minecraft:block.tuff.hit"
    },
    "pitch": 1.0,
    "place": {
      "sound_id": "minecraft:block.tuff.place"
    },
    "step": {
      "sound_id": "sounds:block.sandstone.step"
    },
    "volume": 1.0
  },
  "keys": [
    "rechiseled:red_sandstone_brick_pattern",
    "rechiseled:red_sandstone_brick_pattern_connecting",
    "rechiseled:red_sandstone_brick_paving",
    "rechiseled:red_sandstone_brick_paving_connecting",
    "rechiseled:red_sandstone_bricks",
    "rechiseled:red_sandstone_bricks_connecting",
    "rechiseled:red_sandstone_diagonal_bricks",
    "rechiseled:red_sandstone_diagonal_bricks_connecting",
    "rechiseled:red_sandstone_large_tiles",
    "rechiseled:red_sandstone_large_tiles_connecting",
    "rechiseled:red_sandstone_polished",
    "rechiseled:red_sandstone_polished_connecting",
    "rechiseled:red_sandstone_rotated_bricks",
    "rechiseled:red_sandstone_rotated_bricks_connecting",
    "rechiseled:red_sandstone_tiles",
    "rechiseled:red_sandstone_tiles_connecting",
    "rechiseled:sandstone_brick_pattern",
    "rechiseled:sandstone_brick_pattern_connecting",
    "rechiseled:sandstone_brick_paving",
    "rechiseled:sandstone_brick_paving_connecting",
    "rechiseled:sandstone_bricks",
    "rechiseled:sandstone_bricks_connecting",
    "rechiseled:sandstone_diagonal_bricks",
    "rechiseled:sandstone_diagonal_bricks_connecting",
    "rechiseled:sandstone_large_tiles",
    "rechiseled:sandstone_large_tiles_connecting",
    "rechiseled:sandstone_polished",
    "rechiseled:sandstone_polished_connecting",
    "rechiseled:sandstone_rotated_bricks",
    "rechiseled:sandstone_rotated_bricks_connecting",
    "rechiseled:sandstone_tiles",
    "rechiseled:sandstone_tiles_connecting"
  ]
}