{
    "providers": [
        {
         "type": "bitmap",
         "file": "icons:items/magic/level.png",
         "ascent": 7,
         "height": 9,
         "chars": [
            "\uDB80\uDE28\uDB80\uDE29\uDB80\uDE2A\uDB80\uDE2B\uDB80\uDE2C",
			"\uDB80\uDE2D\uDB80\uDE2E\uDB80\uDE2F\uDB80\uDE30\uDB80\uDE31",
			"\uDB80\uDE32\uDB80\uDE33\uDB80\uDE34\uDB80\uDE35\uDB80\uDE36",
			"\uDB80\uDE37\uDB80\uDE38\uDB80\uDE39\uDB80\uDE3A\uDB80\uDE3B",
			"\uDB80\uDE3C\uDB80\uDE3D\uDB80\uDE3E\uDB80\uDE3F\uDB80\uDE40",
			"\uDB80\uDE41\uDB80\uDE42\uDB80\uDE43\uDB80\uDE44\uDB80\uDE45",
			"\uDB80\uDE46\uDB80\uDE47\uDB80\uDE48\uDB80\uDE49\uDB80\uDE4A",
			"\uDB80\uDE4B\uDB80\uDE4C\uDB80\uDE4D\uDB80\uDE4E\uDB80\uDE4F",
			"\uDB80\uDE50\uDB80\uDE51\uDB80\uDE52\uDB80\uDE53\uDB80\uDE54",
			"\uDB80\uDE55\uDB80\uDE56\uDB80\uDE57\uDB80\uDE58\uDB80\uDE59"
            ]
        }
    ]
}
