{
	"parent": "block/block",
	"textures": {
		"all": "mekanism:block/deepslate_lead_ore",
		"glow": "mekanism:block/deepslate_lead_ore_e",
		"particle": "#all"
	},
	"elements": [
		{   "from": [ 0, 0, 0 ],
            "to": [ 16, 16, 16 ],
            "faces": {
                "down":  { "texture": "#all", "cullface": "down" },
                "up":    { "texture": "#all", "cullface": "up" },
                "north": { "texture": "#all", "cullface": "north" },
                "south": { "texture": "#all", "cullface": "south" },
                "west":  { "texture": "#all", "cullface": "west" },
                "east":  { "texture": "#all", "cullface": "east" }
            }
        },
        {   "from": [ 0, 0, 0 ],
            "to": [ 16, 16, 16 ],
            "shade": false,
            "faces": {
                "down":  { "texture": "#glow", "cullface": "down" },
                "up":    { "texture": "#glow", "cullface": "up" },
                "north": { "texture": "#glow", "cullface": "north" },
                "south": { "texture": "#glow", "cullface": "south" },
                "west":  { "texture": "#glow", "cullface": "west" },
                "east":  { "texture": "#glow", "cullface": "east" }
            }
        }
    ]
}