{
  "enabled": true,
  "group": {
    "break": {
      "sound_id": "sounds:block.acacia_planks.break"
    },
    "fall": {
      "sound_id": "sounds:block.acacia_planks.fall"
    },
    "hit": {
      "sound_id": "sounds:block.acacia_planks.hit"
    },
    "pitch": 1.0,
    "place": {
      "sound_id": "sounds:block.acacia_planks.place"
    },
    "step": {
      "sound_id": "sounds:block.acacia_planks.step"
    },
    "volume": 1.0
  },
  "keys": [
    "create:copper_casing"
  ]
}