{
  "enabled": true,
  "group": {
    "break": {
      "sound_id": "minecraft:block.netherite_block.break"
    },
    "fall": {
      "sound_id": "minecraft:block.netherite_block.fall"
    },
    "hit": {
      "sound_id": "minecraft:block.netherite_block.hit"
    },
    "pitch": 1.6,
    "place": {
      "sound_id": "minecraft:block.netherite_block.place"
    },
    "step": {
      "sound_id": "sounds:block.gold_block.step"
    },
    "volume": 1.0
  },
  "keys": [
    "create:metal_girder"
  ]
}