{
  "enabled": true,
  "group": {
    "break": {
      "sound_id": "sounds:block.glass.break"
    },
    "fall": {
      "sound_id": "minecraft:block.nether_wood.fall"
    },
    "hit": {
      "sound_id": "minecraft:block.glass.hit"
    },
    "pitch": 1.0,
    "place": {
      "sound_id": "minecraft:block.nether_wood.place"
    },
    "step": {
      "sound_id": "minecraft:block.nether_wood.step"
    },
    "volume": 1.0
  },
  "keys": [
    "create:warped_window",
    "create:warped_window_pane"
  ]
}