{
  "credit": "Made with Blockbench",
  "parent": "block/block",
  "textures": {
    "1": "#pipe_structure",
    "3": "#pipe_type",
    "particle": "#pipe_structure"
  },
  "elements": [
    {
      "from": [4, 5, 0],
      "to": [5, 6, 4],
      "faces": {
        "north": { "uv": [3, 5, 4, 6], "texture": "#1" },
        "east": { "uv": [0, 5, 4, 6], "texture": "#1" },
        "south": { "uv": [3, 5, 4, 6], "texture": "#1" },
        "west": { "uv": [0, 5, 4, 6], "texture": "#1" },
        "up": { "uv": [3, 5, 4, 9], "texture": "#1" },
        "down": { "uv": [3, 5, 4, 9], "texture": "#1" }
      }
    },
    {
      "from": [4, 10, 0],
      "to": [5, 11, 4],
      "faces": {
        "north": { "uv": [5, 0, 6, 1], "texture": "#1" },
        "east": { "uv": [6, 3, 10, 4], "texture": "#1" },
        "south": { "uv": [5, 0, 6, 1], "texture": "#1" },
        "west": { "uv": [6, 3, 10, 4], "texture": "#1" },
        "up": { "uv": [5, 0, 6, 4], "texture": "#1" },
        "down": { "uv": [5, 0, 6, 4], "texture": "#1" }
      }
    },
    {
      "from": [11, 5, 0],
      "to": [12, 6, 4],
      "faces": {
        "north": { "uv": [12, 5, 13, 6], "texture": "#1" },
        "east": { "uv": [12, 5, 16, 6], "texture": "#1" },
        "south": { "uv": [12, 5, 13, 6], "texture": "#1" },
        "west": { "uv": [12, 5, 16, 6], "texture": "#1" },
        "up": { "uv": [12, 5, 13, 9], "texture": "#1" },
        "down": { "uv": [12, 5, 13, 9], "texture": "#1" }
      }
    },
    {
      "from": [11, 10, 0],
      "to": [12, 11, 4],
      "faces": {
        "north": { "uv": [5, 12, 6, 13], "texture": "#1" },
        "east": { "uv": [5, 12, 9, 13], "texture": "#1" },
        "south": { "uv": [5, 12, 6, 13], "texture": "#1" },
        "west": { "uv": [5, 12, 9, 13], "texture": "#1" },
        "up": { "uv": [5, 12, 6, 16], "texture": "#1" },
        "down": { "uv": [5, 12, 6, 16], "texture": "#1" }
      }
    },
    {
      "from": [10, 4, 0],
      "to": [12, 5, 4],
      "faces": {
        "north": { "uv": [4, 15, 6, 16], "texture": "#1" },
        "east": { "uv": [8, 11, 12, 12], "texture": "#1" },
        "south": { "uv": [10, 15, 12, 16], "texture": "#1" },
        "west": { "uv": [6, 12, 10, 13], "texture": "#1" },
        "up": { "uv": [10, 12, 12, 16], "texture": "#1" },
        "down": { "uv": [10, 12, 12, 16], "texture": "#1" }
      }
    },
    {
      "from": [10, 11, 0],
      "to": [12, 12, 4],
      "faces": {
        "north": { "uv": [4, 0, 6, 1], "texture": "#1" },
        "east": { "uv": [8, 4, 12, 5], "texture": "#1" },
        "south": { "uv": [10, 0, 12, 1], "texture": "#1" },
        "west": { "uv": [6, 3, 10, 4], "texture": "#1" },
        "up": { "uv": [10, 0, 12, 4], "texture": "#1" },
        "down": { "uv": [10, 0, 12, 4], "texture": "#1" }
      }
    },
    {
      "from": [4, 4, 0],
      "to": [6, 5, 4],
      "faces": {
        "north": { "uv": [10, 0, 12, 1], "texture": "#1" },
        "east": { "uv": [6, 3, 10, 4], "texture": "#1" },
        "south": { "uv": [4, 0, 6, 1], "texture": "#1" },
        "west": { "uv": [4, 4, 8, 5], "texture": "#1" },
        "up": { "uv": [4, 0, 6, 4], "texture": "#1" },
        "down": { "uv": [4, 0, 6, 4], "texture": "#1" }
      }
    },
    {
      "from": [4, 11, 0],
      "to": [6, 12, 4],
      "faces": {
        "north": { "uv": [10, 15, 12, 16], "texture": "#1" },
        "east": { "uv": [6, 12, 10, 13], "texture": "#1" },
        "south": { "uv": [4, 15, 6, 16], "texture": "#1" },
        "west": { "uv": [4, 11, 8, 12], "texture": "#1" },
        "up": { "uv": [4, 12, 6, 16], "texture": "#1" },
        "down": { "uv": [4, 12, 6, 16], "texture": "#1" }
      }
    },
    {
      "from": [5, 5, 0],
      "to": [11, 11, 4],
      "faces": {
        "north": { "uv": [5, 5, 11, 11], "texture": "#3" },
        "east": { "uv": [12, 5, 16, 11], "texture": "#3" },
        "south": { "uv": [5, 5, 11, 11], "texture": "#3" },
        "west": { "uv": [0, 5, 4, 11], "texture": "#3" },
        "up": { "uv": [5, 0, 11, 4], "texture": "#3" },
        "down": { "uv": [5, 12, 11, 16], "texture": "#3" }
      }
    },
    {
      "from": [11, 5, 12],
      "to": [12, 6, 16],
      "rotation": { "angle": 0, "axis": "y", "origin": [8, 8, 8] },
      "faces": {
        "north": { "uv": [3, 5, 4, 6], "texture": "#1" },
        "east": { "uv": [0, 5, 4, 6], "texture": "#1" },
        "south": { "uv": [3, 5, 4, 6], "texture": "#1" },
        "west": { "uv": [0, 5, 4, 6], "texture": "#1" },
        "up": { "uv": [3, 5, 4, 9], "rotation": 180, "texture": "#1" },
        "down": { "uv": [3, 5, 4, 9], "rotation": 180, "texture": "#1" }
      }
    },
    {
      "from": [11, 10, 12],
      "to": [12, 11, 16],
      "rotation": { "angle": 0, "axis": "y", "origin": [8, 8, 8] },
      "faces": {
        "north": { "uv": [5, 0, 6, 1], "texture": "#1" },
        "east": { "uv": [6, 3, 10, 4], "texture": "#1" },
        "south": { "uv": [5, 0, 6, 1], "texture": "#1" },
        "west": { "uv": [6, 3, 10, 4], "texture": "#1" },
        "up": { "uv": [5, 0, 6, 4], "rotation": 180, "texture": "#1" },
        "down": { "uv": [5, 0, 6, 4], "rotation": 180, "texture": "#1" }
      }
    },
    {
      "from": [4, 5, 12],
      "to": [5, 6, 16],
      "rotation": { "angle": 0, "axis": "y", "origin": [8, 8, 8] },
      "faces": {
        "north": { "uv": [12, 5, 13, 6], "texture": "#1" },
        "east": { "uv": [12, 5, 16, 6], "texture": "#1" },
        "south": { "uv": [12, 5, 13, 6], "texture": "#1" },
        "west": { "uv": [12, 5, 16, 6], "texture": "#1" },
        "up": { "uv": [12, 5, 13, 9], "rotation": 180, "texture": "#1" },
        "down": { "uv": [12, 5, 13, 9], "rotation": 180, "texture": "#1" }
      }
    },
    {
      "from": [4, 10, 12],
      "to": [5, 11, 16],
      "rotation": { "angle": 0, "axis": "y", "origin": [8, 8, 8] },
      "faces": {
        "north": { "uv": [5, 12, 6, 13], "texture": "#1" },
        "east": { "uv": [5, 12, 9, 13], "texture": "#1" },
        "south": { "uv": [5, 12, 6, 13], "texture": "#1" },
        "west": { "uv": [5, 12, 9, 13], "texture": "#1" },
        "up": { "uv": [5, 12, 6, 16], "rotation": 180, "texture": "#1" },
        "down": { "uv": [5, 12, 6, 16], "rotation": 180, "texture": "#1" }
      }
    },
    {
      "from": [4, 4, 12],
      "to": [6, 5, 16],
      "rotation": { "angle": 0, "axis": "y", "origin": [8, 8, 8] },
      "faces": {
        "north": { "uv": [10, 15, 12, 16], "texture": "#1" },
        "east": { "uv": [6, 12, 10, 13], "texture": "#1" },
        "south": { "uv": [4, 15, 6, 16], "texture": "#1" },
        "west": { "uv": [8, 11, 12, 12], "texture": "#1" },
        "up": { "uv": [10, 12, 12, 16], "rotation": 180, "texture": "#1" },
        "down": { "uv": [10, 12, 12, 16], "rotation": 180, "texture": "#1" }
      }
    },
    {
      "from": [4, 11, 12],
      "to": [6, 12, 16],
      "rotation": { "angle": 0, "axis": "y", "origin": [8, 8, 8] },
      "faces": {
        "north": { "uv": [10, 0, 12, 1], "texture": "#1" },
        "east": { "uv": [6, 3, 10, 4], "texture": "#1" },
        "south": { "uv": [4, 0, 6, 1], "texture": "#1" },
        "west": { "uv": [8, 4, 12, 5], "texture": "#1" },
        "up": { "uv": [10, 0, 12, 4], "rotation": 180, "texture": "#1" },
        "down": { "uv": [10, 0, 12, 4], "rotation": 180, "texture": "#1" }
      }
    },
    {
      "from": [10, 4, 12],
      "to": [12, 5, 16],
      "rotation": { "angle": 0, "axis": "y", "origin": [8, 8, 8] },
      "faces": {
        "north": { "uv": [4, 0, 6, 1], "texture": "#1" },
        "east": { "uv": [4, 4, 8, 5], "texture": "#1" },
        "south": { "uv": [10, 0, 12, 1], "texture": "#1" },
        "west": { "uv": [6, 3, 10, 4], "texture": "#1" },
        "up": { "uv": [4, 0, 6, 4], "rotation": 180, "texture": "#1" },
        "down": { "uv": [4, 0, 6, 4], "rotation": 180, "texture": "#1" }
      }
    },
    {
      "from": [10, 11, 12],
      "to": [12, 12, 16],
      "rotation": { "angle": 0, "axis": "y", "origin": [8, 8, 8] },
      "faces": {
        "north": { "uv": [4, 15, 6, 16], "texture": "#1" },
        "east": { "uv": [4, 11, 8, 12], "texture": "#1" },
        "south": { "uv": [10, 15, 12, 16], "texture": "#1" },
        "west": { "uv": [6, 12, 10, 13], "texture": "#1" },
        "up": { "uv": [4, 12, 6, 16], "rotation": 180, "texture": "#1" },
        "down": { "uv": [4, 12, 6, 16], "rotation": 180, "texture": "#1" }
      }
    },
    {
      "from": [5, 5, 12],
      "to": [11, 11, 16],
      "rotation": { "angle": 0, "axis": "y", "origin": [8, 8, 8] },
      "faces": {
        "north": { "uv": [5, 5, 11, 11], "texture": "#3" },
        "east": { "uv": [0, 5, 4, 11], "texture": "#3" },
        "south": { "uv": [5, 5, 11, 11], "texture": "#3" },
        "west": { "uv": [12, 5, 16, 11], "texture": "#3" },
        "up": { "uv": [5, 0, 11, 4], "rotation": 180, "texture": "#3" },
        "down": { "uv": [5, 12, 11, 16], "rotation": 180, "texture": "#3" }
      }
    },
    {
      "from": [11, 5, 8],
      "to": [12, 6, 12],
      "rotation": { "angle": 0, "axis": "y", "origin": [8, 8, 4] },
      "faces": {
        "north": { "uv": [3, 5, 4, 6], "texture": "#1" },
        "east": { "uv": [0, 5, 4, 6], "texture": "#1" },
        "south": { "uv": [3, 5, 4, 6], "texture": "#1" },
        "west": { "uv": [0, 5, 4, 6], "texture": "#1" },
        "up": { "uv": [3, 5, 4, 9], "rotation": 180, "texture": "#1" },
        "down": { "uv": [3, 5, 4, 9], "rotation": 180, "texture": "#1" }
      }
    },
    {
      "from": [11, 10, 8],
      "to": [12, 11, 12],
      "rotation": { "angle": 0, "axis": "y", "origin": [8, 8, 4] },
      "faces": {
        "north": { "uv": [5, 0, 6, 1], "texture": "#1" },
        "east": { "uv": [6, 3, 10, 4], "texture": "#1" },
        "south": { "uv": [5, 0, 6, 1], "texture": "#1" },
        "west": { "uv": [6, 3, 10, 4], "texture": "#1" },
        "up": { "uv": [5, 0, 6, 4], "rotation": 180, "texture": "#1" },
        "down": { "uv": [5, 0, 6, 4], "rotation": 180, "texture": "#1" }
      }
    },
    {
      "from": [4, 5, 8],
      "to": [5, 6, 12],
      "rotation": { "angle": 0, "axis": "y", "origin": [8, 8, 4] },
      "faces": {
        "north": { "uv": [12, 5, 13, 6], "texture": "#1" },
        "east": { "uv": [12, 5, 16, 6], "texture": "#1" },
        "south": { "uv": [12, 5, 13, 6], "texture": "#1" },
        "west": { "uv": [12, 5, 16, 6], "texture": "#1" },
        "up": { "uv": [12, 5, 13, 9], "rotation": 180, "texture": "#1" },
        "down": { "uv": [12, 5, 13, 9], "rotation": 180, "texture": "#1" }
      }
    },
    {
      "from": [4, 10, 8],
      "to": [5, 11, 12],
      "rotation": { "angle": 0, "axis": "y", "origin": [8, 8, 4] },
      "faces": {
        "north": { "uv": [5, 12, 6, 13], "texture": "#1" },
        "east": { "uv": [5, 12, 9, 13], "texture": "#1" },
        "south": { "uv": [5, 12, 6, 13], "texture": "#1" },
        "west": { "uv": [5, 12, 9, 13], "texture": "#1" },
        "up": { "uv": [5, 12, 6, 16], "rotation": 180, "texture": "#1" },
        "down": { "uv": [5, 12, 6, 16], "rotation": 180, "texture": "#1" }
      }
    },
    {
      "from": [4, 4, 8],
      "to": [6, 5, 12],
      "rotation": { "angle": 0, "axis": "y", "origin": [8, 8, 4] },
      "faces": {
        "north": { "uv": [10, 15, 12, 16], "texture": "#1" },
        "east": { "uv": [6, 12, 10, 13], "texture": "#1" },
        "south": { "uv": [4, 15, 6, 16], "texture": "#1" },
        "west": { "uv": [8, 11, 12, 12], "texture": "#1" },
        "up": { "uv": [10, 12, 12, 16], "rotation": 180, "texture": "#1" },
        "down": { "uv": [10, 12, 12, 16], "rotation": 180, "texture": "#1" }
      }
    },
    {
      "from": [4, 11, 8],
      "to": [6, 12, 12],
      "rotation": { "angle": 0, "axis": "y", "origin": [8, 8, 4] },
      "faces": {
        "north": { "uv": [10, 0, 12, 1], "texture": "#1" },
        "east": { "uv": [6, 3, 10, 4], "texture": "#1" },
        "south": { "uv": [4, 0, 6, 1], "texture": "#1" },
        "west": { "uv": [8, 4, 12, 5], "texture": "#1" },
        "up": { "uv": [10, 0, 12, 4], "rotation": 180, "texture": "#1" },
        "down": { "uv": [10, 0, 12, 4], "rotation": 180, "texture": "#1" }
      }
    },
    {
      "from": [10, 4, 8],
      "to": [12, 5, 12],
      "rotation": { "angle": 0, "axis": "y", "origin": [8, 8, 4] },
      "faces": {
        "north": { "uv": [4, 0, 6, 1], "texture": "#1" },
        "east": { "uv": [4, 4, 8, 5], "texture": "#1" },
        "south": { "uv": [10, 0, 12, 1], "texture": "#1" },
        "west": { "uv": [6, 3, 10, 4], "texture": "#1" },
        "up": { "uv": [4, 0, 6, 4], "rotation": 180, "texture": "#1" },
        "down": { "uv": [4, 0, 6, 4], "rotation": 180, "texture": "#1" }
      }
    },
    {
      "from": [10, 11, 8],
      "to": [12, 12, 12],
      "rotation": { "angle": 0, "axis": "y", "origin": [8, 8, 4] },
      "faces": {
        "north": { "uv": [4, 15, 6, 16], "texture": "#1" },
        "east": { "uv": [4, 11, 8, 12], "texture": "#1" },
        "south": { "uv": [10, 15, 12, 16], "texture": "#1" },
        "west": { "uv": [6, 12, 10, 13], "texture": "#1" },
        "up": { "uv": [4, 12, 6, 16], "rotation": 180, "texture": "#1" },
        "down": { "uv": [4, 12, 6, 16], "rotation": 180, "texture": "#1" }
      }
    },
    {
      "from": [5, 5, 8],
      "to": [11, 11, 12],
      "rotation": { "angle": 0, "axis": "y", "origin": [8, 8, 4] },
      "faces": {
        "north": { "uv": [5, 5, 11, 11], "texture": "#3" },
        "east": { "uv": [0, 5, 4, 11], "texture": "#3" },
        "south": { "uv": [5, 5, 11, 11], "texture": "#3" },
        "west": { "uv": [12, 5, 16, 11], "texture": "#3" },
        "up": { "uv": [5, 0, 11, 4], "rotation": 180, "texture": "#3" },
        "down": { "uv": [5, 12, 11, 16], "rotation": 180, "texture": "#3" }
      }
    },
    {
      "from": [11, 5, 4],
      "to": [12, 6, 8],
      "rotation": { "angle": 0, "axis": "y", "origin": [8, 8, 0] },
      "faces": {
        "north": { "uv": [3, 5, 4, 6], "texture": "#1" },
        "east": { "uv": [0, 5, 4, 6], "texture": "#1" },
        "south": { "uv": [3, 5, 4, 6], "texture": "#1" },
        "west": { "uv": [0, 5, 4, 6], "texture": "#1" },
        "up": { "uv": [3, 5, 4, 9], "rotation": 180, "texture": "#1" },
        "down": { "uv": [3, 5, 4, 9], "rotation": 180, "texture": "#1" }
      }
    },
    {
      "from": [11, 10, 4],
      "to": [12, 11, 8],
      "rotation": { "angle": 0, "axis": "y", "origin": [8, 8, 0] },
      "faces": {
        "north": { "uv": [5, 0, 6, 1], "texture": "#1" },
        "east": { "uv": [6, 3, 10, 4], "texture": "#1" },
        "south": { "uv": [5, 0, 6, 1], "texture": "#1" },
        "west": { "uv": [6, 3, 10, 4], "texture": "#1" },
        "up": { "uv": [5, 0, 6, 4], "rotation": 180, "texture": "#1" },
        "down": { "uv": [5, 0, 6, 4], "rotation": 180, "texture": "#1" }
      }
    },
    {
      "from": [4, 5, 4],
      "to": [5, 6, 8],
      "rotation": { "angle": 0, "axis": "y", "origin": [8, 8, 0] },
      "faces": {
        "north": { "uv": [12, 5, 13, 6], "texture": "#1" },
        "east": { "uv": [12, 5, 16, 6], "texture": "#1" },
        "south": { "uv": [12, 5, 13, 6], "texture": "#1" },
        "west": { "uv": [12, 5, 16, 6], "texture": "#1" },
        "up": { "uv": [12, 5, 13, 9], "rotation": 180, "texture": "#1" },
        "down": { "uv": [12, 5, 13, 9], "rotation": 180, "texture": "#1" }
      }
    },
    {
      "from": [4, 10, 4],
      "to": [5, 11, 8],
      "rotation": { "angle": 0, "axis": "y", "origin": [8, 8, 0] },
      "faces": {
        "north": { "uv": [5, 12, 6, 13], "texture": "#1" },
        "east": { "uv": [5, 12, 9, 13], "texture": "#1" },
        "south": { "uv": [5, 12, 6, 13], "texture": "#1" },
        "west": { "uv": [5, 12, 9, 13], "texture": "#1" },
        "up": { "uv": [5, 12, 6, 16], "rotation": 180, "texture": "#1" },
        "down": { "uv": [5, 12, 6, 16], "rotation": 180, "texture": "#1" }
      }
    },
    {
      "from": [4, 4, 4],
      "to": [6, 5, 8],
      "rotation": { "angle": 0, "axis": "y", "origin": [8, 8, 0] },
      "faces": {
        "north": { "uv": [10, 15, 12, 16], "texture": "#1" },
        "east": { "uv": [6, 12, 10, 13], "texture": "#1" },
        "south": { "uv": [4, 15, 6, 16], "texture": "#1" },
        "west": { "uv": [8, 11, 12, 12], "texture": "#1" },
        "up": { "uv": [10, 12, 12, 16], "rotation": 180, "texture": "#1" },
        "down": { "uv": [10, 12, 12, 16], "rotation": 180, "texture": "#1" }
      }
    },
    {
      "from": [4, 11, 4],
      "to": [6, 12, 8],
      "rotation": { "angle": 0, "axis": "y", "origin": [8, 8, 0] },
      "faces": {
        "north": { "uv": [10, 0, 12, 1], "texture": "#1" },
        "east": { "uv": [6, 3, 10, 4], "texture": "#1" },
        "south": { "uv": [4, 0, 6, 1], "texture": "#1" },
        "west": { "uv": [8, 4, 12, 5], "texture": "#1" },
        "up": { "uv": [10, 0, 12, 4], "rotation": 180, "texture": "#1" },
        "down": { "uv": [10, 0, 12, 4], "rotation": 180, "texture": "#1" }
      }
    },
    {
      "from": [10, 4, 4],
      "to": [12, 5, 8],
      "rotation": { "angle": 0, "axis": "y", "origin": [8, 8, 0] },
      "faces": {
        "north": { "uv": [4, 0, 6, 1], "texture": "#1" },
        "east": { "uv": [4, 4, 8, 5], "texture": "#1" },
        "south": { "uv": [10, 0, 12, 1], "texture": "#1" },
        "west": { "uv": [6, 3, 10, 4], "texture": "#1" },
        "up": { "uv": [4, 0, 6, 4], "rotation": 180, "texture": "#1" },
        "down": { "uv": [4, 0, 6, 4], "rotation": 180, "texture": "#1" }
      }
    },
    {
      "from": [10, 11, 4],
      "to": [12, 12, 8],
      "rotation": { "angle": 0, "axis": "y", "origin": [8, 8, 0] },
      "faces": {
        "north": { "uv": [4, 15, 6, 16], "texture": "#1" },
        "east": { "uv": [4, 11, 8, 12], "texture": "#1" },
        "south": { "uv": [10, 15, 12, 16], "texture": "#1" },
        "west": { "uv": [6, 12, 10, 13], "texture": "#1" },
        "up": { "uv": [4, 12, 6, 16], "rotation": 180, "texture": "#1" },
        "down": { "uv": [4, 12, 6, 16], "rotation": 180, "texture": "#1" }
      }
    },
    {
      "from": [5, 5, 4],
      "to": [11, 11, 8],
      "rotation": { "angle": 0, "axis": "y", "origin": [8, 8, 0] },
      "faces": {
        "north": { "uv": [5, 5, 11, 11], "texture": "#3" },
        "east": { "uv": [0, 5, 4, 11], "texture": "#3" },
        "south": { "uv": [5, 5, 11, 11], "texture": "#3" },
        "west": { "uv": [12, 5, 16, 11], "texture": "#3" },
        "up": { "uv": [5, 0, 11, 4], "rotation": 180, "texture": "#3" },
        "down": { "uv": [5, 12, 11, 16], "rotation": 180, "texture": "#3" }
      }
    }
  ]
}
