{
	"credit": "Made with Blockbench",
	"render_type": "cutout",
	"textures": {
		"0": "mob_grinding_utils:block/absorption_hopper",
		"particle": "mob_grinding_utils:block/absorption_hopper"
	},
	"elements": [
		{
			"name": "main",
			"from": [4, 4, 4],
			"to": [12, 12, 12],
			"faces": {
				"north": {"uv": [0, 0, 8, 8], "texture": "#0"},
				"east": {"uv": [0, 0, 8, 8], "texture": "#0"},
				"south": {"uv": [0, 0, 8, 8], "texture": "#0"},
				"west": {"uv": [0, 0, 8, 8], "texture": "#0"},
				"up": {"uv": [0, 0, 8, 8], "texture": "#0"},
				"down": {"uv": [0, 0, 8, 8], "texture": "#0"}
			}
		}
	]
}