{
	"credit": "Made with Blockbench",
	"parent": "block/cube",
	"render_type": "cutout",
	"textures": {
		"0": "block/iron_block",
		"particle": "block/iron_block"
	},
	"elements": [
		{
			"name": "mid_spike_2",
			"from": [6, 7, 6],
			"to": [10, 12, 10],
			"faces": {
				"north": {"uv": [1, 11, 5, 16], "texture": "#0"},
				"east": {"uv": [5, 11, 9, 16], "texture": "#0"},
				"south": {"uv": [7, 11, 11, 16], "texture": "#0"},
				"west": {"uv": [11, 11, 15, 16], "texture": "#0"},
				"up": {"uv": [7, 3, 11, 7], "texture": "#0"}
			}
		},
		{
			"name": "mid_spike_3",
			"from": [7, 12, 7],
			"to": [9, 16, 9],
			"faces": {
				"north": {"uv": [1, 12, 3, 16], "texture": "#0"},
				"east": {"uv": [3, 12, 5, 16], "texture": "#0"},
				"south": {"uv": [5, 12, 7, 16], "texture": "#0"},
				"west": {"uv": [7, 12, 9, 16], "texture": "#0"},
				"up": {"uv": [5, 1, 7, 3], "texture": "#0"}
			}
		},
		{
			"name": "mid_spike_1",
			"from": [5, 1, 5],
			"to": [11, 7, 11],
			"faces": {
				"north": {"uv": [1, 10, 7, 16], "texture": "#0"},
				"east": {"uv": [2, 10, 8, 16], "texture": "#0"},
				"south": {"uv": [8, 10, 14, 16], "texture": "#0"},
				"west": {"uv": [9, 10, 15, 16], "texture": "#0"},
				"up": {"uv": [4, 5, 10, 11], "texture": "#0"}
			}
		},
		{
			"name": "nw_spike_1",
			"from": [1, 1, 1],
			"to": [7, 4, 7],
			"rotation": {"angle": 0, "axis": "y", "origin": [0, 1, 0]},
			"faces": {
				"north": {"uv": [1, 13, 7, 16], "texture": "#0"},
				"east": {"uv": [2, 13, 8, 16], "texture": "#0"},
				"south": {"uv": [8, 13, 14, 16], "texture": "#0"},
				"west": {"uv": [9, 13, 15, 16], "texture": "#0"},
				"up": {"uv": [4, 5, 10, 11], "texture": "#0"}
			}
		},
		{
			"name": "nw_spike_3",
			"from": [3, 8, 3],
			"to": [5, 11, 5],
			"faces": {
				"north": {"uv": [1, 13, 3, 16], "texture": "#0"},
				"east": {"uv": [3, 13, 5, 16], "texture": "#0"},
				"south": {"uv": [5, 13, 7, 16], "texture": "#0"},
				"west": {"uv": [7, 13, 9, 16], "texture": "#0"},
				"up": {"uv": [5, 1, 7, 3], "texture": "#0"}
			}
		},
		{
			"name": "nw_spike_2",
			"from": [2, 4, 2],
			"to": [6, 8, 6],
			"faces": {
				"north": {"uv": [1, 12, 5, 16], "texture": "#0"},
				"east": {"uv": [5, 12, 9, 16], "texture": "#0"},
				"south": {"uv": [7, 12, 11, 16], "texture": "#0"},
				"west": {"uv": [11, 12, 15, 16], "texture": "#0"},
				"up": {"uv": [7, 3, 11, 7], "texture": "#0"}
			}
		},
		{
			"name": "base",
			"from": [0, 0, 0],
			"to": [16, 1, 16],
			"faces": {
				"north": {"uv": [0, 0, 16, 1], "texture": "#0"},
				"east": {"uv": [0, 15, 16, 16], "texture": "#0"},
				"south": {"uv": [0, 0, 16, 1], "texture": "#0"},
				"west": {"uv": [0, 15, 16, 16], "texture": "#0"},
				"up": {"uv": [0, 0, 16, 16], "texture": "#0"},
				"down": {"uv": [0, 0, 16, 16], "texture": "#0"}
			}
		},
		{
			"name": "ne_spike_1",
			"from": [9, 1, 1],
			"to": [15, 4, 7],
			"faces": {
				"north": {"uv": [1, 13, 7, 16], "texture": "#0"},
				"east": {"uv": [2, 13, 8, 16], "texture": "#0"},
				"south": {"uv": [8, 13, 14, 16], "texture": "#0"},
				"west": {"uv": [9, 13, 15, 16], "texture": "#0"},
				"up": {"uv": [4, 5, 10, 11], "texture": "#0"}
			}
		},
		{
			"name": "ne_spike_2",
			"from": [10, 4, 2],
			"to": [14, 8, 6],
			"faces": {
				"north": {"uv": [1, 12, 5, 16], "texture": "#0"},
				"east": {"uv": [5, 12, 9, 16], "texture": "#0"},
				"south": {"uv": [7, 12, 11, 16], "texture": "#0"},
				"west": {"uv": [11, 12, 15, 16], "texture": "#0"},
				"up": {"uv": [7, 3, 11, 7], "texture": "#0"}
			}
		},
		{
			"name": "ne_spike_3",
			"from": [11, 8, 3],
			"to": [13, 11, 5],
			"faces": {
				"north": {"uv": [1, 13, 3, 16], "texture": "#0"},
				"east": {"uv": [3, 13, 5, 16], "texture": "#0"},
				"south": {"uv": [5, 13, 7, 16], "texture": "#0"},
				"west": {"uv": [7, 13, 9, 16], "texture": "#0"},
				"up": {"uv": [5, 1, 7, 3], "texture": "#0"}
			}
		},
		{
			"name": "se_spike_1",
			"from": [9, 1, 9],
			"to": [15, 4, 15],
			"rotation": {"angle": 0, "axis": "y", "origin": [0, 1, 0]},
			"faces": {
				"north": {"uv": [1, 13, 7, 16], "texture": "#0"},
				"east": {"uv": [2, 13, 8, 16], "texture": "#0"},
				"south": {"uv": [8, 13, 14, 16], "texture": "#0"},
				"west": {"uv": [9, 13, 15, 16], "texture": "#0"},
				"up": {"uv": [4, 5, 10, 11], "texture": "#0"}
			}
		},
		{
			"name": "se_spike_2",
			"from": [10, 4, 10],
			"to": [14, 8, 14],
			"faces": {
				"north": {"uv": [1, 12, 5, 16], "texture": "#0"},
				"east": {"uv": [5, 12, 9, 16], "texture": "#0"},
				"south": {"uv": [7, 12, 11, 16], "texture": "#0"},
				"west": {"uv": [11, 12, 15, 16], "texture": "#0"},
				"up": {"uv": [7, 3, 11, 7], "texture": "#0"}
			}
		},
		{
			"name": "se_spike_3",
			"from": [11, 8, 11],
			"to": [13, 11, 13],
			"faces": {
				"north": {"uv": [1, 13, 3, 16], "texture": "#0"},
				"east": {"uv": [3, 13, 5, 16], "texture": "#0"},
				"south": {"uv": [5, 13, 7, 16], "texture": "#0"},
				"west": {"uv": [7, 13, 9, 16], "texture": "#0"},
				"up": {"uv": [5, 1, 7, 3], "texture": "#0"}
			}
		},
		{
			"name": "sw_spike_1",
			"from": [1, 1, 9],
			"to": [7, 4, 15],
			"faces": {
				"north": {"uv": [1, 13, 7, 16], "texture": "#0"},
				"east": {"uv": [2, 13, 8, 16], "texture": "#0"},
				"south": {"uv": [8, 13, 14, 16], "texture": "#0"},
				"west": {"uv": [9, 13, 15, 16], "texture": "#0"},
				"up": {"uv": [4, 5, 10, 11], "texture": "#0"}
			}
		},
		{
			"name": "sw_spike_2",
			"from": [2, 4, 10],
			"to": [6, 8, 14],
			"faces": {
				"north": {"uv": [1, 12, 5, 16], "texture": "#0"},
				"east": {"uv": [5, 12, 9, 16], "texture": "#0"},
				"south": {"uv": [7, 12, 11, 16], "texture": "#0"},
				"west": {"uv": [11, 12, 15, 16], "texture": "#0"},
				"up": {"uv": [7, 3, 11, 7], "texture": "#0"}
			}
		},
		{
			"name": "sw_spike_3",
			"from": [3, 8, 11],
			"to": [5, 11, 13],
			"faces": {
				"north": {"uv": [1, 13, 3, 16], "texture": "#0"},
				"east": {"uv": [3, 13, 5, 16], "texture": "#0"},
				"south": {"uv": [5, 13, 7, 16], "texture": "#0"},
				"west": {"uv": [7, 13, 9, 16], "texture": "#0"},
				"up": {"uv": [5, 1, 7, 3], "texture": "#0"}
			}
		}
	]
}