{
	"credit": "Made with Blockbench",
	"parent": "block/cube",
	"render_type": "cutout",
	"textures": {
		"0": "mob_grinding_utils:block/xp_tap_front_back",
		"1": "mob_grinding_utils:block/xp_tap_east",
		"3": "mob_grinding_utils:block/xp_tap_top_bottom",
		"particle": "mob_grinding_utils:block/xp_tap_front_back",
		"hopper": "mob_grinding_utils:block/absorption_hopper"
	},
	"elements": [
		{
			"name": "tank_connetion",
			"from": [5, 5, 0],
			"to": [11, 11, 1],
			"faces": {
				"north": {"uv": [1, 1, 7, 7], "texture": "#hopper"},
				"east": {"uv": [6, 1, 7, 7], "texture": "#hopper"},
				"south": {"uv": [1, 1, 7, 7], "texture": "#hopper"},
				"west": {"uv": [2, 1, 1, 7], "texture": "#hopper"},
				"up": {"uv": [1, 1, 7, 2], "texture": "#hopper"},
				"down": {"uv": [1, 6, 7, 7], "texture": "#hopper"}
			}
		},
		{
			"name": "pipe",
			"from": [7, 6, 1],
			"to": [9, 9, 3],
			"faces": {
				"east": {"uv": [13, 7, 15, 10], "texture": "#1"},
				"west": {"uv": [15, 7, 13, 10], "texture": "#1"},
				"up": {"uv": [7, 1, 9, 3], "texture": "#3"},
				"down": {"uv": [7, 1, 9, 3], "rotation": 180, "texture": "#3"}
			}
		},
		{
			"name": "barrel",
			"from": [6, 6, 3],
			"to": [10, 12, 7],
			"faces": {
				"north": {"uv": [10, 4, 14, 10], "texture": "#0"},
				"east": {"uv": [9, 4, 13, 10], "texture": "#1"},
				"south": {"uv": [2, 4, 6, 10], "texture": "#0"},
				"west": {"uv": [13, 4, 9, 10], "texture": "#1"},
				"up": {"uv": [2, 10, 6, 14], "rotation": 180, "texture": "#3"},
				"down": {"uv": [10, 10, 14, 14], "texture": "#3"}
			}
		},
		{
			"name": "barrel_top",
			"from": [7, 12, 4],
			"to": [9, 13, 6],
			"faces": {
				"north": {"uv": [11, 3, 13, 4], "texture": "#0"},
				"east": {"uv": [10, 3, 12, 4], "texture": "#1"},
				"south": {"uv": [3, 3, 5, 4], "texture": "#0"},
				"west": {"uv": [12, 3, 10, 4], "texture": "#1"}
			}
		},
		{
			"name": "spout",
			"from": [7, 4, 7],
			"to": [9, 9, 9],
			"faces": {
				"north": {"uv": [3, 7, 5, 12], "rotation": 180, "texture": "#0"},
				"east": {"uv": [7, 7, 9, 12], "texture": "#1"},
				"south": {"uv": [3, 7, 5, 12], "texture": "#0"},
				"west": {"uv": [9, 7, 7, 12], "texture": "#1"},
				"up": {"uv": [7, 7, 9, 9], "texture": "#3"},
				"down": {"uv": [7, 10, 9, 12], "texture": "#3"}
			}
		},
		{
			"name": "handle_mid",
			"from": [6, 13, 3],
			"to": [10, 16, 7],
			"rotation": {"angle": -45, "axis": "y", "origin": [8, 14.5, 5]},
			"faces": {
				"north": {"uv": [10, 0, 14, 3], "texture": "#0"},
				"east": {"uv": [9, 0, 13, 3], "texture": "#1"},
				"south": {"uv": [2, 0, 6, 3], "texture": "#0"},
				"west": {"uv": [13, 0, 9, 3], "texture": "#1"},
				"up": {"uv": [10, 3, 14, 7], "texture": "#3"},
				"down": {"uv": [2, 10, 6, 14], "texture": "#3"}
			}
		},
		{
			"name": "handle_nw",
			"from": [4, 14, 1],
			"to": [6, 15, 3],
			"rotation": {"angle": -45, "axis": "y", "origin": [8, 14.5, 5]},
			"faces": {
				"north": {"uv": [0, 2, 2, 1], "texture": "#0"},
				"east": {"uv": [13, 1, 15, 2], "texture": "#1"},
				"south": {"uv": [0, 2, 2, 1], "texture": "#0"},
				"west": {"uv": [15, 1, 13, 2], "texture": "#1"},
				"up": {"uv": [4, 1, 6, 3], "texture": "#3"},
				"down": {"uv": [4, 7, 6, 9], "texture": "#3"}
			}
		},
		{
			"name": "handle_sw",
			"from": [4, 14, 7],
			"to": [6, 15, 9],
			"rotation": {"angle": -45, "axis": "y", "origin": [8, 14.5, 5]},
			"faces": {
				"north": {"uv": [0, 2, 2, 1], "texture": "#0"},
				"east": {"uv": [7, 1, 9, 2], "texture": "#1"},
				"south": {"uv": [0, 2, 2, 1], "texture": "#0"},
				"west": {"uv": [9, 1, 7, 2], "texture": "#1"},
				"up": {"uv": [4, 1, 6, 3], "texture": "#3"},
				"down": {"uv": [4, 7, 6, 9], "texture": "#3"}
			}
		},
		{
			"name": "handle_se",
			"from": [10, 14, 7],
			"to": [12, 15, 9],
			"rotation": {"angle": -45, "axis": "y", "origin": [8, 14.5, 5]},
			"faces": {
				"north": {"uv": [0, 2, 2, 1], "texture": "#0"},
				"east": {"uv": [7, 1, 9, 2], "texture": "#1"},
				"south": {"uv": [0, 2, 2, 1], "texture": "#0"},
				"west": {"uv": [9, 1, 7, 2], "texture": "#1"},
				"up": {"uv": [4, 1, 6, 3], "texture": "#3"},
				"down": {"uv": [4, 7, 6, 9], "texture": "#3"}
			}
		},
		{
			"name": "handle_ne",
			"from": [10, 14, 1],
			"to": [12, 15, 3],
			"rotation": {"angle": -45, "axis": "y", "origin": [8, 14.5, 5]},
			"faces": {
				"north": {"uv": [0, 2, 2, 1], "texture": "#0"},
				"east": {"uv": [13, 1, 15, 2], "texture": "#1"},
				"south": {"uv": [0, 2, 2, 1], "texture": "#0"},
				"west": {"uv": [15, 1, 13, 2], "texture": "#1"},
				"up": {"uv": [4, 1, 6, 3], "texture": "#3"},
				"down": {"uv": [4, 7, 6, 9], "texture": "#3"}
			}
		}
	],
	"groups": [
		0,
		1,
		2,
		3,
		4,
		{
			"name": "group",
			"origin": [0, 0, 0],
			"color": 0,
			"children": [5, 6, 7, 8, 9]
		}
	]
}