{
	"credit": "BlackAures",
	"parent": "block/block",
	"textures": {
		"2": "torchmaster:block/dread1",
		"3": "torchmaster:block/dread2",
		"4": "torchmaster:block/dread3",
		"particle": "torchmaster:block/dread3"
	},
	"elements": [
		{
			"name": "Cube10",
			"from": [0, 0, 0],
			"to": [16, 2, 16],
			"faces": {
				"north": {"uv": [0, 13, 16, 15], "texture": "#2"},
				"east": {"uv": [0, 13, 16, 15], "texture": "#2"},
				"south": {"uv": [0, 13, 16, 15], "texture": "#2"},
				"west": {"uv": [0, 13, 16, 15], "texture": "#2"},
				"up": {"uv": [0, 0, 16, 16], "texture": "#2"},
				"down": {"uv": [0, 0, 16, 16], "texture": "#2"}
			}
		},
		{
			"name": "Cube10",
			"from": [0, 14, 0],
			"to": [16, 16, 16],
			"faces": {
				"north": {"uv": [0, 13, 16, 15], "texture": "#3"},
				"east": {"uv": [0, 13, 16, 15], "texture": "#3"},
				"south": {"uv": [0, 13, 16, 15], "texture": "#3"},
				"west": {"uv": [0, 13, 16, 15], "texture": "#3"},
				"up": {"uv": [0, 0, 16, 16], "texture": "#3"},
				"down": {"uv": [0, 0, 16, 16], "texture": "#3"}
			}
		},
		{
			"name": "CornerStrip",
			"from": [0, 2, 0],
			"to": [2, 14, 2],
			"faces": {
				"north": {"uv": [0, 3, 2, 13], "texture": "#3"},
				"east": {"uv": [0, 3, 2, 13], "texture": "#3"},
				"south": {"uv": [0, 3, 2, 15], "texture": "#3"},
				"west": {"uv": [0, 3, 2, 13], "texture": "#3"}
			}
		},
		{
			"name": "CornerStrip1",
			"from": [0, 2, 14],
			"to": [2, 14, 16],
			"faces": {
				"north": {"uv": [14, 3, 16, 13], "texture": "#3"},
				"east": {"uv": [14, 3, 16, 13], "texture": "#3"},
				"south": {"uv": [14, 3, 16, 15], "texture": "#3"},
				"west": {"uv": [14, 3, 16, 13], "texture": "#3"}
			}
		},
		{
			"name": "CornerStrip2",
			"from": [14, 2, 0],
			"to": [16, 14, 2],
			"faces": {
				"north": {"uv": [14, 3, 16, 13], "texture": "#3"},
				"east": {"uv": [14, 3, 16, 13], "texture": "#3"},
				"south": {"uv": [14, 3, 16, 15], "texture": "#3"},
				"west": {"uv": [14, 3, 16, 13], "texture": "#3"}
			}
		},
		{
			"name": "CornerStrip3",
			"from": [14, 2, 14],
			"to": [16, 14, 16],
			"faces": {
				"north": {"uv": [14, 3, 16, 13], "texture": "#3"},
				"east": {"uv": [14, 3, 16, 13], "texture": "#3"},
				"south": {"uv": [14, 3, 16, 15], "texture": "#3"},
				"west": {"uv": [14, 3, 16, 13], "texture": "#3"}
			}
		},
		{
			"name": "InnerGlas",
			"from": [2, 2, 2],
			"to": [14, 14, 14],
			"faces": {
				"north": {"uv": [0, 0, 16, 16], "texture": "#4"},
				"east": {"uv": [0, 0, 16, 16], "texture": "#4"},
				"south": {"uv": [0, 0, 12, 12], "texture": "#4"},
				"west": {"uv": [0, 0, 16, 16], "texture": "#4"}
			}
		}
	],
	"display": {
		"thirdperson_righthand": {
			"rotation": [75, 45, 0],
			"translation": [0, 2.5, 0],
			"scale": [0.375, 0.375, 0.375]
		},
		"thirdperson_lefthand": {
			"rotation": [75, 45, 0],
			"translation": [0, 2.5, 0],
			"scale": [0.375, 0.375, 0.375]
		},
		"firstperson_righthand": {
			"rotation": [0, 45, 0],
			"scale": [0.4, 0.4, 0.4]
		},
		"firstperson_lefthand": {
			"rotation": [0, 225, 0],
			"scale": [0.4, 0.4, 0.4]
		},
		"ground": {
			"translation": [0, 3, 0],
			"scale": [0.25, 0.25, 0.25]
		},
		"gui": {
			"rotation": [30, 225, 0],
			"scale": [0.625, 0.625, 0.625]
		},
		"fixed": {
			"scale": [0.5, 0.5, 0.5]
		}
	}
}