{
	"__comment": "BlackAures",
	"textures": {
		"tex": "torchmaster:block/feral_flare_lantern",
		"particle": "torchmaster:block/feral_flare_lantern"
	},
	"parent": "block/block",
	"elements": [ 
		{
			"name": "lantern",
			"from": [4, 0, 4],
			"to": [12, 16, 12],
			"faces": {
				"north": {"uv": [0, 0, 8, 16], "texture": "#tex"},
				"east": {"uv": [0, 0, 8, 16], "texture": "#tex"},
				"south": {"uv": [0, 0, 8, 16], "texture": "#tex"},
				"west": {"uv": [0, 0, 8, 16], "texture": "#tex"},
				"up": {"uv": [8, 0, 16, 8], "texture": "#tex"},
				"down": {"uv": [8, 0, 16, 8], "texture": "#tex"}
			}
		}
	],
	"display": {
		"thirdperson_righthand": {
			"rotation": [41.5, 45, 0],
			"translation": [0, 1.5, 0.75],
			"scale": [0.375, 0.375, 0.375]
		},
		"thirdperson_lefthand": {
			"rotation": [41.5, 45, 0],
			"translation": [0, 1.5, 0.75],
			"scale": [0.375, 0.375, 0.375]
		},
		"firstperson_righthand": {
			"rotation": [0, 225, 0],
			"translation": [2.75, 2.5, 0],
			"scale": [0.4, 0.4, 0.4]
		},
		"firstperson_lefthand": {
			"rotation": [0, 225, 0],
			"translation": [2.75, 2.5, 0],
			"scale": [0.4, 0.4, 0.4]
		},
		"ground": {
			"translation": [0, 3, 0],
			"scale": [0.25, 0.25, 0.25]
		},
		"gui": {
			"rotation": [30, 225, 0],
			"scale": [0.625, 0.625, 0.625]
		},
		"head": {
			"translation": [0, 14.5, 0]
		},
		"fixed": {
			"scale": [0.5, 0.5, 0.5]
		}
	}
}