{
	"format_version": "1.12.0",
	"minecraft:geometry": [
		{
			"description": {
				"identifier": "geometry.unknown",
				"texture_width": 128,
				"texture_height": 128,
				"visible_bounds_width": 3,
				"visible_bounds_height": 3.5,
				"visible_bounds_offset": [0, 1.25, 0]
			},
			"bones": [
				{
					"name": "bipedHead",
					"pivot": [0, 24, 0]
				},
				{
					"name": "armorHead",
					"parent": "bipedHead",
					"pivot": [0, 24, 0],
					"cubes": [
						{"origin": [-4.75, 18.5, -4.75], "size": [9.5, 14.3, 9.5], "uv": [84, 91]},
						{"origin": [-4.25, 24, -4.75], "size": [8.5, 8.25, 9], "uv": [94, 0]},
						{
							"origin": [-1.05, 24, -5.25],
							"size": [2.1, 8.25, 0.5],
							"uv": {
								"north": {"uv": [108, 17], "uv_size": [2, 8]},
								"east": {"uv": [105.25, 17], "uv_size": [0.75, 8]},
								"south": {"uv": [106, 17], "uv_size": [2, 8]},
								"west": {"uv": [104.5, 17], "uv_size": [0.75, 8]},
								"up": {"uv": [112, 25], "uv_size": [2, -1]},
								"down": {"uv": [112, 24], "uv_size": [2, -1]}
							}
						},
						{"origin": [-3.3, 31.25, -5.05], "size": [6.6, 1.1, 1.3], "uv": [116, 19]},
						{"origin": [-5.8, 28.75, -5.05], "size": [11.6, 1.1, 1.3], "uv": [104, 25]},
						{
							"origin": [-3.3, 26.5, -4.95],
							"size": [6.6, 1.1, 0.3],
							"uv": {
								"north": {"uv": [110, 26], "uv_size": [6, 1]},
								"east": {"uv": [113, 28], "uv_size": [2, 1]},
								"south": {"uv": [116, 26], "uv_size": [6, 1]},
								"west": {"uv": [113, 29], "uv_size": [2, 1]},
								"up": {"uv": [115, 29], "uv_size": [7, -1]},
								"down": {"uv": [115, 30], "uv_size": [7, -1]}
							}
						},
						{"origin": [-3.5, 26.75, 3.25], "size": [7, 5, 2.75], "pivot": [0, 29.25, 5.625], "rotation": [-22.5, 0, 0], "uv": [68, 9]},
						{"origin": [-3, 23.75, 4], "size": [6, 6, 2.75], "pivot": [0, 27.25, 7.125], "rotation": [-45, 0, 0], "uv": [16, 70]},
						{"origin": [-2.05, 24.5481, 5.55546], "size": [4.1, 3.25, 5.25], "pivot": [0, 26.2981, 8.18046], "rotation": [-60, 0, 0], "uv": [22, 84]},
						{"origin": [-1.05, 20.90678, 6.83153], "size": [2.1, 2.25, 5.25], "pivot": [0, 22.03178, 9.45653], "rotation": [-90, 0, 0], "uv": [7, 84]},
						{
							"origin": [0.02019, 14.40678, 6.92126],
							"size": [0, 5, 5],
							"uv": {
								"north": {"uv": [31, 92], "uv_size": [0, 5]},
								"east": {"uv": [26, 92], "uv_size": [5, 5]},
								"south": {"uv": [31, 92], "uv_size": [0, 5]},
								"west": {"uv": [19, 92], "uv_size": [7, 7]},
								"up": {"uv": [31, 92], "uv_size": [0, 5]},
								"down": {"uv": [31, 97], "uv_size": [0, -5]}
							}
						},
						{
							"origin": [0.02019, 14.40678, 6.92126],
							"size": [0, 5, 5],
							"pivot": [0.02019, 16.90678, 9.42126],
							"rotation": [0, -90, 0],
							"uv": {
								"north": {"uv": [31, 92], "uv_size": [0, 5]},
								"east": {"uv": [26, 92], "uv_size": [5, 5]},
								"south": {"uv": [31, 92], "uv_size": [0, 5]},
								"west": {"uv": [19, 92], "uv_size": [7, 7]},
								"up": {"uv": [31, 92], "uv_size": [0, 5]},
								"down": {"uv": [31, 97], "uv_size": [0, -5]}
							}
						}
					]
				},
				{
					"name": "bipedBody",
					"pivot": [0, 24, 0]
				},
				{
					"name": "armorBody",
					"parent": "bipedBody",
					"pivot": [0, 24, 0],
					"cubes": [
						{"origin": [-6, 2.75, 0.5], "size": [12, 22, 4], "pivot": [0, 13.75, 3.5], "rotation": [10, 0, 0], "uv": [0, 23]},
						{"origin": [-6.1, 16.75, -4.5], "size": [4.1, 8, 2], "pivot": [0, 13.75, -3.5], "rotation": [-10, 0, 0], "uv": [0, 77]},
						{"origin": [-5.9, 22.83858, -1.85499], "size": [3.8, 1.75, 4.3], "uv": [56, 78]},
						{"origin": [2.1, 22.08858, -2.40499], "size": [3.8, 2.5, 4.85], "uv": [71, 80]},
						{"origin": [-4.4, 12.08858, -2.60499], "size": [8.8, 1.75, 4.95], "uv": [36, 16]},
						{"origin": [-4.4, 13.83858, -2.45499], "size": [8.8, 10.7, 4.9], "uv": [0, 49]},
						{"origin": [-3.70317, 11.50018, -2.97544], "size": [3, 3, 1], "uv": [35, 84], "mirror": true},
						{"origin": [2, 14, -4.5], "size": [4.1, 10, 2.5], "pivot": [0, 13, -3], "rotation": [-10, 0, 0], "uv": [32, 70]},
						{"origin": [-6.25, 2.90885, -0.95811], "size": [4.75, 10, 2], "pivot": [-4, 7.90885, 0.04189], "rotation": [0, 90, 12.5], "uv": [76, 66]},
						{"origin": [1.5, 2.90885, -0.95811], "size": [4.75, 10, 2], "pivot": [4, 7.90885, 0.04189], "rotation": [0, -90, -12.5], "uv": [72, 38]}
					]
				},
				{
					"name": "bipedRightArm",
					"pivot": [-4, 22, 0]
				},
				{
					"name": "armorRightArm",
					"parent": "bipedRightArm",
					"pivot": [-4, 22, 0],
					"cubes": [
						{"origin": [-8.4, 13.83858, -2.45499], "size": [4.75, 10.35, 4.9], "uv": [0, 63]},
						{"origin": [-8.65, 11.33858, -2.50499], "size": [5.05, 4.85, 5], "uv": [82, 115]},
						{"origin": [-9.15, 20.08858, -2.50499], "size": [5.3, 4.55, 5], "pivot": [-6.25, 22.26358, 0.04501], "rotation": [0, 0, 10], "uv": [66, 30]}
					]
				},
				{
					"name": "bipedLeftArm",
					"pivot": [4, 22, 0]
				},
				{
					"name": "armorLeftArm",
					"parent": "bipedLeftArm",
					"pivot": [4, 22, 0],
					"cubes": [
						{"origin": [3.65, 13.83858, -2.45499], "size": [4.75, 10.35, 4.9], "uv": [66, 16]},
						{"origin": [3.6, 11.33858, -2.50499], "size": [5.05, 4.85, 5], "uv": [105, 115]},
						{"origin": [3.85, 20.08858, -2.40499], "size": [4.65, 2.8, 4.9], "pivot": [6.25, 22.26358, 0.04501], "rotation": [0, 0, -10], "uv": [12, 78]},
						{"origin": [8.5, 22.5, -2], "size": [2.5, 2, 4], "uv": [44, 78]},
						{"origin": [8.5, 22.05, -1.65], "size": [2.25, 1.2, 3.3], "uv": [45, 84]},
						{
							"origin": [10.85, 21.5, 1.25],
							"size": [0, 1.5, 0.5],
							"pivot": [10.7, 22.375, 1.6],
							"rotation": [-10, 0, 0],
							"uv": {
								"north": {"uv": [50, 88], "uv_size": [1, 2]},
								"east": {"uv": [53, 89], "uv_size": [1, 2]},
								"south": {"uv": [47, 88], "uv_size": [1, 2]},
								"west": {"uv": [48, 88], "uv_size": [1, 2]},
								"up": {"uv": [52, 89], "uv_size": [-1, -1]},
								"down": {"uv": [52, 90], "uv_size": [-1, -1]}
							}
						},
						{
							"origin": [10.85, 21.5, -1.75],
							"size": [0, 1.5, 0.5],
							"pivot": [10.7, 22.375, -1.6],
							"rotation": [10, 0, 0],
							"uv": {
								"north": {"uv": [48, 88], "uv_size": [-1, 2]},
								"east": {"uv": [55, 89], "uv_size": [-1, 2]},
								"south": {"uv": [51, 88], "uv_size": [-1, 2]},
								"west": {"uv": [49, 88], "uv_size": [-1, 2]},
								"up": {"uv": [52, 88], "uv_size": [-1, 1]},
								"down": {"uv": [52, 89], "uv_size": [-1, 1]}
							}
						},
						{"origin": [3.8, 22.5, -2.5], "size": [4.7, 4, 5], "uv": [68, 0]},
						{
							"origin": [6, 25.5, -3.5],
							"size": [0.75, 2, 2],
							"pivot": [6.375, 26.5, -2.5],
							"rotation": [0, 0, 22.5],
							"uv": {
								"north": {"uv": [23, 53], "uv_size": [1, -2]},
								"east": {"uv": [24, 51], "uv_size": [2, 2]},
								"south": {"uv": [25, 49], "uv_size": [1, 2]},
								"west": {"uv": [26, 51], "uv_size": [2, 2]},
								"up": {"uv": [24, 51], "uv_size": [1, -2]},
								"down": {"uv": [23, 51], "uv_size": [1, -2]}
							}
						},
						{
							"origin": [6, 25.5, 1.5],
							"size": [0.75, 2, 2],
							"pivot": [6.375, 26.5, 2.5],
							"rotation": [0, 0, 22.5],
							"uv": {
								"north": {"uv": [24, 51], "uv_size": [-1, 2]},
								"east": {"uv": [28, 51], "uv_size": [2, 2]},
								"south": {"uv": [26, 49], "uv_size": [-1, 2]},
								"west": {"uv": [30, 51], "uv_size": [2, 2]},
								"up": {"uv": [25, 49], "uv_size": [-1, 2]},
								"down": {"uv": [23, 51], "uv_size": [1, -2]}
							}
						}
					]
				},
				{
					"name": "bipedLeftLeg",
					"pivot": [2, 12, 0]
				},
				{
					"name": "armorLeftLeg",
					"parent": "bipedLeftLeg",
					"pivot": [2, 12, 0],
					"cubes": [
						{
							"origin": [-3.4, 7.61183, -2.84485],
							"size": [6.8, 4.75, 0],
							"pivot": [0, 9.98683, -2.84485],
							"rotation": [-7.5, 0, 0],
							"uv": {
								"north": {"uv": [82, 20], "uv_size": [6, 4]},
								"east": {"uv": [82, 16], "uv_size": [0, 4]},
								"south": {"uv": [88, 16], "uv_size": [6, 4]},
								"west": {"uv": [88, 16], "uv_size": [0, 4]},
								"up": {"uv": [82, 16], "uv_size": [6, 0]},
								"down": {"uv": [88, 16], "uv_size": [6, 0]}
							}
						}
					]
				},
				{
					"name": "armorLeftBoot",
					"parent": "bipedLeftLeg",
					"pivot": [2, 12, 0],
					"cubes": [
						{"origin": [-0.6, -0.36142, -2.40499], "size": [4.95, 4.8, 4.9], "uv": [72, 50]},
						{"origin": [0.1, -0.26142, -4.15499], "size": [3.55, 1.95, 1.75], "uv": [36, 21]}
					]
				},
				{
					"name": "bipedRightLeg",
					"pivot": [-2, 12, 0]
				},
				{
					"name": "armorRightLeg",
					"parent": "bipedRightLeg",
					"pivot": [-2, 12, 0],
					"cubes": [
						{
							"origin": [-3.4, 7.61183, -2.84485],
							"size": [6.8, 4.75, 0],
							"pivot": [0, 9.98683, -2.84485],
							"rotation": [-7.5, 0, 0],
							"uv": {
								"north": {"uv": [82, 16], "uv_size": [6, 4]},
								"east": {"uv": [82, 16], "uv_size": [0, 4]},
								"south": {"uv": [88, 16], "uv_size": [6, 4]},
								"west": {"uv": [88, 16], "uv_size": [0, 4]},
								"up": {"uv": [82, 16], "uv_size": [6, 0]},
								"down": {"uv": [88, 16], "uv_size": [6, 0]}
							}
						}
					]
				},
				{
					"name": "armorRightBoot",
					"parent": "bipedRightLeg",
					"pivot": [-2, 12, 0],
					"cubes": [
						{"origin": [-4.35, -0.36142, -2.40499], "size": [4.95, 4.8, 4.9], "uv": [72, 58]},
						{"origin": [-3.65, -0.26142, -4.15499], "size": [3.55, 1.95, 1.75], "uv": [44, 21]}
					]
				}
			]
		}
	]
}