{
	"format_version": "1.12.0",
	"minecraft:geometry": [
		{
			"description": {
				"identifier": "geometry.unknown",
				"texture_width": 128,
				"texture_height": 128,
				"visible_bounds_width": 3,
				"visible_bounds_height": 4.5,
				"visible_bounds_offset": [0, 1.75, 0]
			},
			"bones": [
				{
					"name": "bipedHead",
					"pivot": [0, 24, 0]
				},
				{
					"name": "armorHead",
					"parent": "bipedHead",
					"pivot": [0, 24, 0],
					"cubes": [
						{"origin": [-5, 22, -5], "size": [10, 3, 10], "uv": [0, 1]},
						{
							"origin": [0.75, 28.00706, -4.78717],
							"size": [3, 3, 0],
							"pivot": [2.25, 29.50706, -4.78717],
							"rotation": [0, -17.5, -90],
							"uv": {
								"north": {"uv": [37, 112], "uv_size": [4, 4]},
								"east": {"uv": [38, 112], "uv_size": [0, 3]},
								"south": {"uv": [43, 113], "uv_size": [0, 3]},
								"west": {"uv": [41, 112], "uv_size": [0, 3]},
								"up": {"uv": [38, 112], "uv_size": [3, 0]},
								"down": {"uv": [41, 112], "uv_size": [3, 0]}
							}
						},
						{"origin": [-4.8, 25.07412, -5.08906], "size": [9.6, 1.05, 10.8], "pivot": [0.25, 26.5, 4.75], "rotation": [-22.5, 0, 0], "uv": [4, 111]},
						{
							"origin": [-3.75, 28.00706, -4.78717],
							"size": [3, 3, 0],
							"pivot": [-2.25, 29.50706, -4.78717],
							"rotation": [0, -17.5, -90],
							"uv": {
								"north": {"uv": [37, 107], "uv_size": [4, 4]},
								"east": {"uv": [38, 107], "uv_size": [0, 3]},
								"south": {"uv": [43, 109], "uv_size": [3, 0]},
								"west": {"uv": [41, 107], "uv_size": [0, 3]},
								"up": {"uv": [38, 107], "uv_size": [3, 0]},
								"down": {"uv": [41, 107], "uv_size": [3, 0]}
							}
						},
						{
							"origin": [-4.04683, 21.48712, -7.92889],
							"size": [0, 3.5525, 1.945],
							"pivot": [-4.04683, 22.76337, -5.95639],
							"rotation": [-89.99999, -67.5, 89.99999],
							"uv": {
								"north": {"uv": [1, 86], "uv_size": [1, 5]},
								"east": {"uv": [0, 93], "uv_size": [3, 6]},
								"south": {"uv": [2, 86], "uv_size": [1, 5]},
								"west": {"uv": [2, 101], "uv_size": [0, 6]},
								"up": {"uv": [5, 91], "uv_size": [-2, 1]},
								"down": {"uv": [5, 86], "uv_size": [-2, -1]}
							}
						},
						{
							"origin": [-6.1151, 26.11397, -10.47182],
							"size": [21.06, 0.5, 21.06],
							"pivot": [3.35763, 31.9772, 5.81885],
							"rotation": [-30.36119, 40.78947, -20.94102],
							"uv": {
								"north": {"uv": [76, 40], "uv_size": [21, 1]},
								"east": {"uv": [76, 41], "uv_size": [21, 1]},
								"south": {"uv": [83, 34], "uv_size": [21, 1]},
								"west": {"uv": [84, 56], "uv_size": [21, 1]},
								"up": {"uv": [46, 71], "uv_size": [21, 21]},
								"down": {"uv": [67, 92], "uv_size": [21, -21]}
							}
						},
						{
							"origin": [-5.23317, 26.38562, -3.56533],
							"size": [10.53, 4.8025, 10.945],
							"pivot": [3.35763, 31.9772, 5.81885],
							"rotation": [-22.5, 0, 0],
							"uv": {
								"north": {"uv": [76, 35], "uv_size": [11, 5]},
								"east": {"uv": [78, 66], "uv_size": [10, 5]},
								"south": {"uv": [78, 61], "uv_size": [11, 5]},
								"west": {"uv": [0, 80], "uv_size": [10, 5]},
								"up": {"uv": [16, 72], "uv_size": [11, 10]},
								"down": {"uv": [74, 52], "uv_size": [11, -10]}
							}
						},
						{"origin": [-2.45317, 26.88562, -4.06533], "size": [5, 3, 1], "pivot": [3.35763, 31.9772, 5.81885], "rotation": [-22.5, 0, 0], "uv": [33, 84], "mirror": true},
						{
							"origin": [-3.65817, 26.21187, -1.04751],
							"size": [7.29, 7.605, 7.02],
							"pivot": [3.35763, 31.9772, 5.81885],
							"rotation": [-45, 0, 0],
							"uv": {
								"north": {"uv": [74, 0], "uv_size": [7, 8]},
								"east": {"uv": [27, 76], "uv_size": [7, 8]},
								"south": {"uv": [76, 27], "uv_size": [7, 8]},
								"west": {"uv": [34, 76], "uv_size": [7, 8]},
								"up": {"uv": [82, 15], "uv_size": [7, 7]},
								"down": {"uv": [20, 89], "uv_size": [7, -7]}
							}
						},
						{
							"origin": [-2.89317, 32.25379, 4.37817],
							"size": [5.85, 4.3875, 7.605],
							"pivot": [0.03183, 33.66947, 4.80992],
							"rotation": [67.5, 0, 0],
							"uv": {
								"north": {"uv": [82, 52], "uv_size": [6, 4]},
								"east": {"uv": [58, 8], "uv_size": [8, 4]},
								"south": {"uv": [83, 30], "uv_size": [6, 4]},
								"west": {"uv": [74, 52], "uv_size": [8, 4]},
								"up": {"uv": [83, 22], "uv_size": [6, 8]},
								"down": {"uv": [27, 92], "uv_size": [6, -8]}
							}
						},
						{
							"origin": [-2.01567, 38.39919, 6.00635],
							"size": [4.095, 2.34, 4.095],
							"pivot": [0.03183, 33.66947, 4.80992],
							"rotation": [-22.5, 0, 0],
							"uv": {
								"north": {"uv": [48, 28], "uv_size": [4, 2]},
								"east": {"uv": [52, 37], "uv_size": [4, 2]},
								"south": {"uv": [58, 12], "uv_size": [4, 2]},
								"west": {"uv": [62, 12], "uv_size": [4, 2]},
								"up": {"uv": [48, 66], "uv_size": [4, 4]},
								"down": {"uv": [27, 76], "uv_size": [4, -4]}
							}
						},
						{
							"origin": [-1.13817, 40.46572, 8.78687],
							"size": [2.34, 4.095, 1.17],
							"pivot": [0.03183, 33.66947, 4.80992],
							"rotation": [-22.5, 0, 0],
							"uv": {
								"north": {"uv": [22, 46], "uv_size": [2, 4]},
								"east": {"uv": [31, 72], "uv_size": [1, 4]},
								"south": {"uv": [22, 50], "uv_size": [2, 4]},
								"west": {"uv": [41, 76], "uv_size": [1, 4]},
								"up": {"uv": [52, 39], "uv_size": [2, 1]},
								"down": {"uv": [54, 40], "uv_size": [2, -1]}
							}
						},
						{
							"origin": [-0.84567, 43.43816, 9.32833],
							"size": [1.755, 1.07, 2.34],
							"pivot": [0.03183, 33.91947, 4.80992],
							"rotation": [-22.5, 0, 0],
							"uv": {
								"north": {"uv": [16, 55], "uv_size": [2, 1]},
								"east": {"uv": [18, 55], "uv_size": [2, 1]},
								"south": {"uv": [20, 55], "uv_size": [2, 1]},
								"west": {"uv": [66, 27], "uv_size": [2, 1]},
								"up": {"uv": [22, 54], "uv_size": [2, 2]},
								"down": {"uv": [42, 78], "uv_size": [2, -2]}
							}
						}
					]
				},
				{
					"name": "bipedBody",
					"pivot": [0, 24, 0]
				},
				{
					"name": "armorBody",
					"parent": "bipedBody",
					"pivot": [0, 24, 0],
					"cubes": [
						{
							"origin": [-5, 15.25, 3],
							"size": [10, 4, 4],
							"pivot": [0, 17.25, 8],
							"rotation": [0, 0, 30],
							"uv": {
								"north": {"uv": [62, 99], "uv_size": [10, 4]},
								"east": {"uv": [58, 99], "uv_size": [4, 4]},
								"south": {"uv": [76, 99], "uv_size": [10, 4]},
								"west": {"uv": [72, 99], "uv_size": [4, 4]},
								"up": {"uv": [62, 95], "uv_size": [10, 4]},
								"down": {"uv": [72, 99], "uv_size": [10, -4]}
							}
						},
						{"origin": [-8, 10.5, 4], "size": [5.75, 10.5, 0], "pivot": [-5, 11.5, 4], "rotation": [-7.5, 0, 0], "uv": [60, 112]},
						{"origin": [-5, 9.25, 3], "size": [4, 4, 2], "uv": [72, 112]},
						{"origin": [-5, 15.75, 5], "size": [10, 3, 0], "pivot": [0, 17.25, 5], "rotation": [45, 0, 30], "uv": [62, 104]},
						{"origin": [4, 15, 2.75], "size": [1.25, 4.5, 4.5], "pivot": [0, 17.25, 8], "rotation": [0, 0, 30], "uv": [85, 90]},
						{"origin": [5.25, 15.5, 3.25], "size": [1, 3.5, 3.5], "pivot": [0, 17.25, 8], "rotation": [0, 0, 30], "uv": [93, 87]},
						{"origin": [-2.06939, 13.02484, 5.34862], "size": [8, 8.5, 0], "pivot": [4.93061, 13.29006, 5], "rotation": [22.5, 0, 30], "uv": [86, 99]},
						{"origin": [-5.25, 15, 2.75], "size": [1.25, 4.5, 4.5], "pivot": [0, 17.25, 8], "rotation": [0, 0, 30], "uv": [85, 90]},
						{"origin": [-6.25, 15.5, 3.25], "size": [1.25, 3.5, 3.5], "pivot": [0, 17.25, 8], "rotation": [0, 0, 30], "uv": [93, 87]},
						{"origin": [-2.45317, 15.00018, -3.22544], "size": [5, 3, 1], "uv": [33, 84], "mirror": true},
						{"origin": [-4.25, 15.5, -2.35], "size": [8.5, 2, 4.7], "uv": [52, 28]},
						{"origin": [-4.5, 17.5, -2.6], "size": [9, 7, 5.2], "uv": [27, 92]},
						{"origin": [-5, 6.5, -2.7], "size": [4, 9, 5.4], "pivot": [-0.5, 13.5, 0], "rotation": [0, 0, 12.5], "uv": [40, 0]},
						{"origin": [1, 6.5, -2.7], "size": [4, 9, 5.4], "pivot": [0.5, 13.5, 0], "rotation": [0, 0, -12.5], "uv": [48, 14]}
					]
				},
				{
					"name": "bipedRightArm",
					"pivot": [-4, 22, 0]
				},
				{
					"name": "armorRightArm",
					"parent": "bipedRightArm",
					"pivot": [-4, 22, 0],
					"cubes": [
						{"origin": [-8.5, 21, -2.5], "size": [5, 3.25, 5], "uv": [56, 34]},
						{"origin": [-9.25, 16.5, -1.5], "size": [1, 3, 3], "uv": [25, 105]},
						{"origin": [-8.25, 14.1, -2.45], "size": [4.5, 5.9, 4.9], "uv": [36, 56]},
						{"origin": [-8.75, 17.1, -2.7], "size": [5.2, 6.9, 5.45], "uv": [6, 96]},
						{"origin": [-8.6, 20, -2.35], "size": [4.95, 1, 4.7], "uv": [32, 66]},
						{"origin": [-8.35, 14, -2.6], "size": [4.7, 2, 5.2], "uv": [56, 42]}
					]
				},
				{
					"name": "bipedLeftArm",
					"pivot": [4, 22, 0]
				},
				{
					"name": "armorLeftArm",
					"parent": "bipedLeftArm",
					"pivot": [4, 22, 0],
					"cubes": [
						{"origin": [3.5, 19, -2.5], "size": [5, 5.25, 5], "uv": [16, 56]},
						{"origin": [3.75, 14, -2.45], "size": [4.5, 4, 4.9], "uv": [52, 56]},
						{"origin": [3.6, 11.65, -2.35], "size": [4.8, 2.35, 4.7], "uv": [66, 15]},
						{"origin": [3.65, 18, -2.35], "size": [4.7, 1, 4.7], "uv": [68, 56]},
						{"origin": [3.65, 14, -2.6], "size": [4.7, 2, 5.2], "uv": [56, 49]}
					]
				},
				{
					"name": "bipedLeftLeg",
					"pivot": [2, 12, 0]
				},
				{
					"name": "armorLeftLeg",
					"parent": "bipedLeftLeg",
					"pivot": [2, 12, 0]
				},
				{
					"name": "armorLeftBoot",
					"parent": "bipedLeftLeg",
					"pivot": [2, 12, 0],
					"cubes": [
						{"origin": [0.5, -0.4, -3.5], "size": [3, 1.25, 1.5], "uv": [70, 25]},
						{"origin": [-0.45, -0.5, -2.45], "size": [4.9, 4.25, 4.9], "uv": [0, 62]}
					]
				},
				{
					"name": "bipedRightLeg",
					"pivot": [-2, 12, 0]
				},
				{
					"name": "armorRightLeg",
					"parent": "bipedRightLeg",
					"pivot": [-2, 12, 0],
					"cubes": [
						{"origin": [-4.25, 7.75, -2.25], "size": [4.5, 1, 4.5], "uv": [15, 89]},
						{
							"origin": [-3.25, 6.5, -2.5],
							"size": [2.5, 3.5, 0.75],
							"uv": {
								"north": {"uv": [52, 34], "uv_size": [2, 3]},
								"east": {"uv": [56, 34], "uv_size": [1, 3]},
								"south": {"uv": [54, 34], "uv_size": [2, 3]},
								"west": {"uv": [57, 34], "uv_size": [1, 3]},
								"up": {"uv": [56, 38], "uv_size": [2, -1]},
								"down": {"uv": [56, 39], "uv_size": [2, -1]}
							}
						}
					]
				},
				{
					"name": "armorRightBoot",
					"parent": "bipedRightLeg",
					"pivot": [-2, 12, 0],
					"cubes": [
						{"origin": [-4.45, -0.5, -2.45], "size": [4.9, 4.25, 4.9], "uv": [58, 0]},
						{"origin": [-3.5, -0.4, -3.5], "size": [3, 1.25, 1.5], "uv": [20, 70]}
					]
				}
			]
		}
	]
}