{
	"format_version": "1.12.0",
	"minecraft:geometry": [
		{
			"description": {
				"identifier": "geometry.unknown",
				"texture_width": 128,
				"texture_height": 128,
				"visible_bounds_width": 3,
				"visible_bounds_height": 3.5,
				"visible_bounds_offset": [0, 1.25, 0]
			},
			"bones": [
				{
					"name": "bipedHead",
					"pivot": [0, 24, 0]
				},
				{
					"name": "armorHead",
					"parent": "bipedHead",
					"pivot": [0, 24, 0],
					"cubes": [
						{
							"origin": [-4.75, 20.5, -4.5],
							"size": [9.5, 12.5, 9],
							"uv": {
								"north": {"uv": [76, 0], "uv_size": [9, 0]},
								"east": {"uv": [9, 20], "uv_size": [9, 12]},
								"south": {"uv": [18, 20], "uv_size": [9, 12]},
								"west": {"uv": [27, 20], "uv_size": [9, 12]},
								"up": {"uv": [16, 32], "uv_size": [9, 9]},
								"down": {"uv": [76, 0], "uv_size": [9, 0]}
							}
						},
						{
							"origin": [-4.15, 26.5, 2.55],
							"size": [8.3, 7, 2.65],
							"pivot": [0, 28, 0],
							"rotation": [-17.5, 0, 0],
							"uv": {
								"north": {"uv": [16, 41], "uv_size": [8, 7]},
								"east": {"uv": [37, 65], "uv_size": [3, 7]},
								"south": {"uv": [24, 41], "uv_size": [8, 7]},
								"west": {"uv": [67, 10], "uv_size": [3, 7]},
								"up": {"uv": [64, 20], "uv_size": [8, 3]},
								"down": {"uv": [66, 37], "uv_size": [8, -3]}
							}
						},
						{
							"origin": [-3.85, 23.9922, 3.47206],
							"size": [7.7, 7, 2.65],
							"pivot": [0, 27.4922, 4.79706],
							"rotation": [-45, 0, 0],
							"uv": {
								"north": {"uv": [42, 0], "uv_size": [8, 7]},
								"east": {"uv": [11, 67], "uv_size": [3, 7]},
								"south": {"uv": [42, 7], "uv_size": [8, 7]},
								"west": {"uv": [14, 67], "uv_size": [3, 7]},
								"up": {"uv": [66, 37], "uv_size": [8, 3]},
								"down": {"uv": [66, 56], "uv_size": [8, -3]}
							}
						},
						{
							"origin": [-4, 28.47797, -4.62396],
							"size": [8, 4.5, 0],
							"pivot": [0, 32.38177, -4.60075],
							"rotation": [-22.5, 0, 0],
							"uv": {
								"north": {"uv": [58, 0], "uv_size": [8, 4]},
								"east": {"uv": [0, 0], "uv_size": [0, 4]},
								"south": {"uv": [76, 0], "uv_size": [8, 0]},
								"west": {"uv": [0, 0], "uv_size": [0, 4]},
								"up": {"uv": [0, 0], "uv_size": [8, 0]},
								"down": {"uv": [0, 0], "uv_size": [8, 0]}
							}
						},
						{
							"origin": [-8.4, 26.48177, -4.60075],
							"size": [8, 2.25, 0],
							"pivot": [-4.4, 28.48177, -4.60075],
							"rotation": [-67.5, 0, -90],
							"uv": {
								"north": {"uv": [68, 51], "uv_size": [8, 2]},
								"east": {"uv": [0, 0], "uv_size": [0, 2]},
								"south": {"uv": [76, 0], "uv_size": [8, 0]},
								"west": {"uv": [0, 0], "uv_size": [0, 2]},
								"up": {"uv": [0, 0], "uv_size": [8, 0]},
								"down": {"uv": [0, 0], "uv_size": [8, 0]}
							}
						},
						{
							"origin": [0.4, 26.48177, -4.60075],
							"size": [8, 2.25, 0],
							"pivot": [4.4, 28.48177, -4.60075],
							"rotation": [-67.5, 0, 90],
							"uv": {
								"north": {"uv": [69, 64], "uv_size": [8, 2]},
								"east": {"uv": [0, 0], "uv_size": [0, 2]},
								"south": {"uv": [70, 10], "uv_size": [8, 2]},
								"west": {"uv": [0, 0], "uv_size": [0, 2]},
								"up": {"uv": [0, 0], "uv_size": [8, 0]},
								"down": {"uv": [0, 0], "uv_size": [8, 0]}
							}
						},
						{
							"origin": [-3.99009, 29.22126, -4.5246],
							"size": [2.7, 4, 0],
							"pivot": [0, 32.39547, -4.03944],
							"rotation": [-65.85133, -20.70481, -9.00717],
							"uv": {
								"north": {"uv": [13, 44], "uv_size": [3, 4]},
								"east": {"uv": [0, 0], "uv_size": [0, 4]},
								"south": {"uv": [81, 0], "uv_size": [3, 0]},
								"west": {"uv": [0, 0], "uv_size": [0, 4]},
								"up": {"uv": [0, 0], "uv_size": [3, 0]},
								"down": {"uv": [0, 0], "uv_size": [3, 0]}
							}
						},
						{
							"origin": [1.04009, 28.97126, -4.5246],
							"size": [2.7, 4, 0],
							"pivot": [-0.25, 32.14547, -4.03944],
							"rotation": [-43.35133, 20.70481, 9.00717],
							"uv": {
								"north": {"uv": [52, 71], "uv_size": [3, 4]},
								"east": {"uv": [0, 0], "uv_size": [0, 4]},
								"south": {"uv": [81, 0], "uv_size": [3, 0]},
								"west": {"uv": [0, 0], "uv_size": [0, 4]},
								"up": {"uv": [0, 0], "uv_size": [3, 0]},
								"down": {"uv": [0, 0], "uv_size": [3, 0]}
							}
						},
						{
							"origin": [6.08019, 34.47126, -1.5246],
							"size": [2, 3, 0],
							"pivot": [7.08019, 35.97126, -1.5246],
							"rotation": [0, 0, 157.5],
							"uv": {
								"north": {"uv": [49, 71], "uv_size": [3, 4]},
								"east": {"uv": [0, 0], "uv_size": [0, 4]},
								"south": {"uv": [81, 0], "uv_size": [3, 0]},
								"west": {"uv": [0, 0], "uv_size": [0, 4]},
								"up": {"uv": [0, 0], "uv_size": [3, 0]},
								"down": {"uv": [0, 0], "uv_size": [3, 0]}
							}
						},
						{
							"origin": [8.74552, 29.38866, -1.5246],
							"size": [1, 1.5, 0],
							"pivot": [9.26513, 31.50276, -1.4746],
							"rotation": [0, 0, -157.5],
							"uv": {
								"north": {"uv": [52, 71], "uv_size": [3, 4]},
								"east": {"uv": [0, 0], "uv_size": [0, 4]},
								"south": {"uv": [81, 0], "uv_size": [3, 0]},
								"west": {"uv": [0, 0], "uv_size": [0, 4]},
								"up": {"uv": [0, 0], "uv_size": [3, 0]},
								"down": {"uv": [0, 0], "uv_size": [3, 0]}
							}
						},
						{
							"origin": [8.14538, 29.89425, -1.4246],
							"size": [1, 1.5, 0],
							"pivot": [9.26513, 31.50276, -1.4746],
							"rotation": [0, 0, 135],
							"uv": {
								"north": {"uv": [52, 71], "uv_size": [3, 4]},
								"east": {"uv": [0, 0], "uv_size": [0, 4]},
								"south": {"uv": [81, 0], "uv_size": [3, 0]},
								"west": {"uv": [0, 0], "uv_size": [0, 4]},
								"up": {"uv": [0, 0], "uv_size": [3, 0]},
								"down": {"uv": [0, 0], "uv_size": [3, 0]}
							}
						},
						{
							"origin": [8.5, 30.5, -2],
							"size": [2.5, 1, 1],
							"pivot": [8.5, 30, -1.5],
							"rotation": [0, 0, -90],
							"uv": {
								"north": {"uv": [49, 31], "uv_size": [4, 1]},
								"east": {"uv": [66, 10], "uv_size": [1, 1]},
								"south": {"uv": [62, 34], "uv_size": [4, 1]},
								"west": {"uv": [31, 69], "uv_size": [1, 1]},
								"up": {"uv": [66, 73], "uv_size": [4, 1]},
								"down": {"uv": [74, 39], "uv_size": [4, -1]}
							}
						},
						{
							"origin": [8.85, 33, -1.75],
							"size": [2.25, 0.5, 0.5],
							"pivot": [8.6, 32.25, -1.5],
							"rotation": [0, 0, -90],
							"uv": {
								"north": {"uv": [74, 39], "uv_size": [4, 1]},
								"east": {"uv": [69, 66], "uv_size": [1, 1]},
								"south": {"uv": [44, 74], "uv_size": [4, 1]},
								"west": {"uv": [49, 70], "uv_size": [1, 1]},
								"up": {"uv": [74, 53], "uv_size": [4, 1]},
								"down": {"uv": [74, 55], "uv_size": [4, -1]}
							}
						},
						{
							"origin": [8.62289, 31.54263, -1.65],
							"size": [1.75, 0.3, 0.3],
							"pivot": [9.26513, 31.50276, -1.4746],
							"rotation": [0, 0, 90],
							"uv": {
								"north": {"uv": [40, 68], "uv_size": [2, 1]},
								"east": {"uv": [34, 73], "uv_size": [1, 1]},
								"south": {"uv": [40, 69], "uv_size": [2, 1]},
								"west": {"uv": [75, 17], "uv_size": [1, 1]},
								"up": {"uv": [35, 70], "uv_size": [2, 1]},
								"down": {"uv": [40, 71], "uv_size": [2, -1]}
							}
						},
						{
							"origin": [3.9, 28.5, -2.25],
							"size": [4.1, 1.5, 1.5],
							"uv": {
								"north": {"uv": [66, 71], "uv_size": [4, 2]},
								"east": {"uv": [42, 14], "uv_size": [2, 2]},
								"south": {"uv": [72, 40], "uv_size": [4, 2]},
								"west": {"uv": [50, 12], "uv_size": [2, 2]},
								"up": {"uv": [72, 42], "uv_size": [4, 2]},
								"down": {"uv": [72, 46], "uv_size": [4, -2]}
							}
						},
						{
							"origin": [7.85, 30.1, -1.65],
							"size": [1.75, 0.3, 0.3],
							"uv": {
								"north": {"uv": [34, 19], "uv_size": [2, 1]},
								"east": {"uv": [71, 40], "uv_size": [1, 1]},
								"south": {"uv": [32, 47], "uv_size": [2, 1]},
								"west": {"uv": [24, 72], "uv_size": [1, 1]},
								"up": {"uv": [38, 64], "uv_size": [2, 1]},
								"down": {"uv": [65, 12], "uv_size": [2, -1]}
							}
						},
						{
							"origin": [-6.38639, 28.25, -1.09029],
							"size": [2, 3, 0],
							"pivot": [-6.43491, 33.11063, -1.5246],
							"rotation": [0, 22.5, -180],
							"uv": {
								"north": {"uv": [49, 71], "uv_size": [3, 4]},
								"east": {"uv": [0, 0], "uv_size": [0, 4]},
								"south": {"uv": [81, 0], "uv_size": [3, 0]},
								"west": {"uv": [0, 0], "uv_size": [0, 4]},
								"up": {"uv": [0, 0], "uv_size": [3, 0]},
								"down": {"uv": [0, 0], "uv_size": [3, 0]}
							}
						},
						{
							"origin": [-10.04456, 27.73437, -1.4246],
							"size": [1, 1.5, 0],
							"pivot": [-9.43953, 29.21392, -1.4746],
							"rotation": [0, 0, 55],
							"uv": {
								"north": {"uv": [52, 71], "uv_size": [3, 4]},
								"east": {"uv": [0, 0], "uv_size": [0, 4]},
								"south": {"uv": [81, 0], "uv_size": [3, 0]},
								"west": {"uv": [0, 0], "uv_size": [0, 4]},
								"up": {"uv": [0, 0], "uv_size": [3, 0]},
								"down": {"uv": [0, 0], "uv_size": [3, 0]}
							}
						},
						{
							"origin": [-9.9732, 27.67657, -1.5246],
							"size": [1, 1.5, 0],
							"pivot": [-9.43953, 29.21392, -1.4746],
							"rotation": [0, 0, 112.5],
							"uv": {
								"north": {"uv": [52, 71], "uv_size": [3, 4]},
								"east": {"uv": [0, 0], "uv_size": [0, 4]},
								"south": {"uv": [81, 0], "uv_size": [3, 0]},
								"west": {"uv": [0, 0], "uv_size": [0, 4]},
								"up": {"uv": [0, 0], "uv_size": [3, 0]},
								"down": {"uv": [0, 0], "uv_size": [3, 0]}
							}
						},
						{
							"origin": [-6.08451, 30.10752, -1.4746],
							"size": [1, 1.5, 0],
							"pivot": [-6.43491, 33.11063, -1.5246],
							"rotation": [0, 0, -135],
							"uv": {
								"north": {"uv": [52, 71], "uv_size": [3, 4]},
								"east": {"uv": [0, 0], "uv_size": [0, 4]},
								"south": {"uv": [81, 0], "uv_size": [3, 0]},
								"west": {"uv": [0, 0], "uv_size": [0, 4]},
								"up": {"uv": [0, 0], "uv_size": [3, 0]},
								"down": {"uv": [0, 0], "uv_size": [3, 0]}
							}
						},
						{
							"origin": [-5.12428, 31.19554, -1.5746],
							"size": [1, 1.5, 0],
							"pivot": [-6.43491, 33.11063, -1.5246],
							"rotation": [0, 0, -90],
							"uv": {
								"north": {"uv": [52, 71], "uv_size": [3, 4]},
								"east": {"uv": [0, 0], "uv_size": [0, 4]},
								"south": {"uv": [81, 0], "uv_size": [3, 0]},
								"west": {"uv": [0, 0], "uv_size": [0, 4]},
								"up": {"uv": [0, 0], "uv_size": [3, 0]},
								"down": {"uv": [0, 0], "uv_size": [3, 0]}
							}
						},
						{
							"origin": [-4.82428, 32.29554, -2],
							"size": [2.25, 1, 1],
							"pivot": [-6.43491, 33.86063, -1.5246],
							"rotation": [0, 0, 90],
							"uv": {
								"north": {"uv": [70, 74], "uv_size": [4, 1]},
								"east": {"uv": [30, 75], "uv_size": [1, 1]},
								"south": {"uv": [74, 72], "uv_size": [4, 1]},
								"west": {"uv": [31, 75], "uv_size": [1, 1]},
								"up": {"uv": [74, 73], "uv_size": [4, 1]},
								"down": {"uv": [74, 75], "uv_size": [4, -1]}
							}
						},
						{
							"origin": [-8.32428, 31.69554, -1.75],
							"size": [2.75, 0.5, 0.5],
							"pivot": [-6.43491, 33.11063, -1.5246],
							"rotation": [0, 0, 90],
							"uv": {
								"north": {"uv": [74, 55], "uv_size": [4, 1]},
								"east": {"uv": [28, 75], "uv_size": [1, 1]},
								"south": {"uv": [58, 74], "uv_size": [4, 1]},
								"west": {"uv": [29, 75], "uv_size": [1, 1]},
								"up": {"uv": [62, 74], "uv_size": [4, 1]},
								"down": {"uv": [66, 75], "uv_size": [4, -1]}
							}
						},
						{
							"origin": [-9.6, 29.1, -1.65],
							"size": [1.75, 0.3, 0.3],
							"uv": {
								"north": {"uv": [22, 72], "uv_size": [2, 1]},
								"east": {"uv": [26, 75], "uv_size": [1, 1]},
								"south": {"uv": [40, 72], "uv_size": [2, 1]},
								"west": {"uv": [27, 75], "uv_size": [1, 1]},
								"up": {"uv": [9, 73], "uv_size": [2, 1]},
								"down": {"uv": [32, 74], "uv_size": [2, -1]}
							}
						},
						{
							"origin": [-7.58124, 31.52753, -1.65],
							"size": [1.75, 0.3, 0.3],
							"pivot": [-6.43491, 33.11063, -1.5246],
							"rotation": [0, 0, 157.5],
							"uv": {
								"north": {"uv": [9, 71], "uv_size": [2, 1]},
								"east": {"uv": [24, 75], "uv_size": [1, 1]},
								"south": {"uv": [35, 71], "uv_size": [2, 1]},
								"west": {"uv": [25, 75], "uv_size": [1, 1]},
								"up": {"uv": [40, 71], "uv_size": [2, 1]},
								"down": {"uv": [9, 73], "uv_size": [2, -1]}
							}
						},
						{
							"origin": [-8, 28.5, -2.25],
							"size": [4.1, 1.5, 1.5],
							"uv": {
								"north": {"uv": [72, 46], "uv_size": [4, 2]},
								"east": {"uv": [52, 56], "uv_size": [2, 2]},
								"south": {"uv": [72, 48], "uv_size": [4, 2]},
								"west": {"uv": [52, 58], "uv_size": [2, 2]},
								"up": {"uv": [72, 56], "uv_size": [4, 2]},
								"down": {"uv": [72, 60], "uv_size": [4, -2]}
							}
						}
					]
				},
				{
					"name": "bipedBody",
					"pivot": [0, 24, 0]
				},
				{
					"name": "armorBody",
					"parent": "bipedBody",
					"pivot": [0, 24, 0],
					"cubes": [
						{
							"origin": [-8.25, 4.5, 0.5],
							"size": [16.5, 19.5, 2],
							"pivot": [0, 22.25, 1.5],
							"rotation": [13, 0, 0],
							"uv": {
								"north": {"uv": [77, 0], "uv_size": [17, 0]},
								"east": {"uv": [40, 48], "uv_size": [2, 20]},
								"south": {"uv": [17, 0], "uv_size": [17, 20]},
								"west": {"uv": [42, 56], "uv_size": [2, 20]},
								"up": {"uv": [55, 41], "uv_size": [17, 2]},
								"down": {"uv": [56, 20], "uv_size": [17, -2]}
							}
						},
						{
							"origin": [-8.35, 4.7, 1.2],
							"size": [16.7, 19.5, 2],
							"pivot": [0, 22.45, 2.2],
							"rotation": [13, 0, 0],
							"uv": {
								"north": {"uv": [76, 0], "uv_size": [17, 0]},
								"east": {"uv": [80, 42], "uv_size": [2, 20]},
								"south": {"uv": [0, 0], "uv_size": [17, 20]},
								"west": {"uv": [78, 42], "uv_size": [2, 20]},
								"up": {"uv": [76, 40], "uv_size": [17, 2]},
								"down": {"uv": [56, 20], "uv_size": [17, -2]}
							}
						},
						{
							"origin": [-4.25, 12.25, -2.25],
							"size": [8.5, 1.75, 4.5],
							"uv": {
								"north": {"uv": [67, 23], "uv_size": [9, 2]},
								"east": {"uv": [71, 8], "uv_size": [5, 2]},
								"south": {"uv": [67, 25], "uv_size": [9, 2]},
								"west": {"uv": [17, 72], "uv_size": [5, 2]},
								"up": {"uv": [44, 26], "uv_size": [9, 5]},
								"down": {"uv": [53, 29], "uv_size": [9, -5]}
							}
						},
						{
							"origin": [-9.48909, 12.68934, -2.4],
							"size": [12.95, 1.75, 4.35],
							"pivot": [3.5, 13.5, -1.5],
							"rotation": [0, 0, 55],
							"uv": {
								"north": {"uv": [7, 60], "uv_size": [13, 2]},
								"east": {"uv": [70, 72], "uv_size": [4, 2]},
								"south": {"uv": [7, 60], "uv_size": [13, 2]},
								"west": {"uv": [0, 73], "uv_size": [4, 2]},
								"up": {"uv": [42, 32], "uv_size": [13, 4]},
								"down": {"uv": [42, 40], "uv_size": [13, -4]}
							}
						},
						{
							"origin": [-1.02006, 12.20697, -3.4],
							"size": [4.85, 2.25, 1.3],
							"uv": {
								"north": {"uv": [77, 20], "uv_size": [-5, 2]},
								"east": {"uv": [32, 67], "uv_size": [-1, 2]},
								"south": {"uv": [40, 72], "uv_size": [-5, 2]},
								"west": {"uv": [53, 24], "uv_size": [-1, 2]},
								"up": {"uv": [49, 31], "uv_size": [-5, 1]},
								"down": {"uv": [60, 44], "uv_size": [-5, -1]}
							}
						},
						{
							"origin": [-3.82994, 11.70697, -2.9],
							"size": [2.1, 2.25, 1.05],
							"pivot": [-2.40494, 12.83197, -1],
							"rotation": [0, 0, 90],
							"uv": {
								"north": {"uv": [38, 60], "uv_size": [2, 2]},
								"east": {"uv": [48, 74], "uv_size": [1, 2]},
								"south": {"uv": [38, 62], "uv_size": [2, 2]},
								"west": {"uv": [16, 75], "uv_size": [1, 2]},
								"up": {"uv": [40, 73], "uv_size": [2, 1]},
								"down": {"uv": [75, 17], "uv_size": [2, -1]}
							}
						},
						{
							"origin": [1.54267, 20.74392, -4.15],
							"size": [2, 2, 2],
							"pivot": [0.25766, 20.19209, -3.15],
							"rotation": [0, 0, 112.5],
							"uv": {
								"north": {"uv": [87, 26], "uv_size": [5, 5]},
								"east": {"uv": [87, 21], "uv_size": [5, 5]},
								"south": {"uv": [76, 0], "uv_size": [2, 0]},
								"west": {"uv": [87, 21], "uv_size": [5, 5]},
								"up": {"uv": [92, 26], "uv_size": [5, 5]},
								"down": {"uv": [92, 31], "uv_size": [5, -5]}
							}
						},
						{
							"origin": [1.628, 19.26873, -3.65],
							"size": [1, 1.5, 1],
							"pivot": [0.25766, 20.19209, -3.15],
							"rotation": [0, 0, 40.5],
							"uv": {
								"north": {"uv": [82, 21], "uv_size": [3, 5]},
								"east": {"uv": [82, 21], "uv_size": [3, 5]},
								"south": {"uv": [82, 21], "uv_size": [3, 5]},
								"west": {"uv": [82, 21], "uv_size": [3, 5]},
								"up": {"uv": [82, 31], "uv_size": [3, 3]},
								"down": {"uv": [85, 32], "uv_size": [1, -1]}
							}
						},
						{
							"origin": [1.69674, 20.70031, -3.4],
							"size": [0.5, 1, 0.5],
							"pivot": [0.25766, 20.19209, -3.15],
							"rotation": [0, 0, 55.5],
							"uv": {
								"north": {"uv": [81, 35], "uv_size": [-1, 2]},
								"east": {"uv": [80, 35], "uv_size": [1, 2]},
								"south": {"uv": [80, 35], "uv_size": [1, 2]},
								"west": {"uv": [80, 35], "uv_size": [1, 2]},
								"up": {"uv": [83, 36], "uv_size": [-1, -1]},
								"down": {"uv": [82, 37], "uv_size": [-1, -1]}
							}
						},
						{
							"origin": [-1.20722, 17.40448, -4.15],
							"size": [2, 2, 2],
							"pivot": [0.25766, 20.19209, -3.15],
							"rotation": [0, 0, 90],
							"uv": {
								"north": {"uv": [77, 26], "uv_size": [5, 5]},
								"east": {"uv": [77, 21], "uv_size": [5, 5]},
								"south": {"uv": [76, 0], "uv_size": [2, 0]},
								"west": {"uv": [77, 21], "uv_size": [5, 5]},
								"up": {"uv": [82, 26], "uv_size": [5, 5]},
								"down": {"uv": [82, 31], "uv_size": [5, -5]}
							}
						},
						{
							"origin": [-2.61118, 21.21665, -3.4],
							"size": [0.5, 1, 0.5],
							"pivot": [0.25766, 20.19209, -3.15],
							"rotation": [0, 0, 33],
							"uv": {
								"north": {"uv": [80, 35], "uv_size": [1, 2]},
								"east": {"uv": [80, 35], "uv_size": [1, 2]},
								"south": {"uv": [80, 35], "uv_size": [1, 2]},
								"west": {"uv": [80, 35], "uv_size": [1, 2]},
								"up": {"uv": [83, 36], "uv_size": [-1, -1]},
								"down": {"uv": [82, 37], "uv_size": [-1, -1]}
							}
						},
						{
							"origin": [-2.37212, 20.81799, -3.65],
							"size": [1, 1.5, 1],
							"pivot": [0.25766, 20.19209, -3.15],
							"rotation": [0, 0, 18],
							"uv": {
								"north": {"uv": [82, 21], "uv_size": [3, 5]},
								"east": {"uv": [82, 21], "uv_size": [3, 5]},
								"south": {"uv": [82, 21], "uv_size": [3, 5]},
								"west": {"uv": [82, 21], "uv_size": [3, 5]},
								"up": {"uv": [82, 31], "uv_size": [3, 3]},
								"down": {"uv": [85, 32], "uv_size": [1, -1]}
							}
						}
					]
				},
				{
					"name": "bipedRightArm",
					"pivot": [-4, 22, 0]
				},
				{
					"name": "armorRightArm",
					"parent": "bipedRightArm",
					"pivot": [-4, 22, 0],
					"cubes": [
						{
							"origin": [-10.25, 22, -3],
							"size": [6.5, 3.5, 6],
							"uv": {
								"north": {"uv": [58, 8], "uv_size": [7, 4]},
								"east": {"uv": [66, 56], "uv_size": [6, 4]},
								"south": {"uv": [0, 60], "uv_size": [7, 4]},
								"west": {"uv": [5, 67], "uv_size": [6, 4]},
								"up": {"uv": [54, 54], "uv_size": [7, 6]},
								"down": {"uv": [55, 35], "uv_size": [7, -6]}
							}
						},
						{
							"origin": [-8.6, 22.4, -2.25],
							"size": [4.75, 3, 4.75],
							"uv": {
								"north": {"uv": [44, 70], "uv_size": [5, 3]},
								"east": {"uv": [70, 66], "uv_size": [5, 3]},
								"south": {"uv": [70, 69], "uv_size": [5, 3]},
								"west": {"uv": [71, 0], "uv_size": [5, 3]},
								"up": {"uv": [66, 0], "uv_size": [5, 5]},
								"down": {"uv": [66, 10], "uv_size": [5, -5]}
							}
						},
						{
							"origin": [-8.4, 11.6, -2.55],
							"size": [4.75, 3.15, 4.95],
							"uv": {
								"north": {"uv": [58, 71], "uv_size": [4, 3]},
								"east": {"uv": [71, 3], "uv_size": [5, 3]},
								"south": {"uv": [62, 71], "uv_size": [4, 3]},
								"west": {"uv": [4, 71], "uv_size": [5, 3]},
								"up": {"uv": [17, 67], "uv_size": [4, 5]},
								"down": {"uv": [21, 72], "uv_size": [4, -5]}
							}
						},
						{
							"origin": [-9.25, 25.5, 0],
							"size": [2, 0.5, 2],
							"pivot": [-8.25, 24, 1],
							"rotation": [0, -22.5, 0],
							"uv": {
								"north": {"uv": [4, 80], "uv_size": [2, 0.5]},
								"east": {"uv": [6, 81], "uv_size": [-2, 0.5]},
								"south": {"uv": [6, 80], "uv_size": [-2, 0.5]},
								"west": {"uv": [6, 80.5], "uv_size": [-2, 0.5]},
								"up": {"uv": [4, 80], "uv_size": [-2, -2]},
								"down": {"uv": [4, 82], "uv_size": [-2, -2]}
							}
						}
					]
				},
				{
					"name": "bipedLeftArm",
					"pivot": [4, 22, 0]
				},
				{
					"name": "armorLeftArm",
					"parent": "bipedLeftArm",
					"pivot": [4, 22, 0],
					"cubes": [
						{
							"origin": [5.75, 26, -3.5],
							"size": [2, 0.5, 2],
							"pivot": [6.75, 24.5, -2.5],
							"rotation": [0, 0, 90],
							"uv": {
								"north": {"uv": [4, 76], "uv_size": [2, 0.5]},
								"east": {"uv": [2, 76], "uv_size": [2, 0.5]},
								"south": {"uv": [2, 76.5], "uv_size": [2, 0.5]},
								"west": {"uv": [2, 77], "uv_size": [2, 0.5]},
								"up": {"uv": [6, 80], "uv_size": [-2, -2]},
								"down": {"uv": [2, 80], "uv_size": [-2, -2]}
							}
						},
						{
							"origin": [4.75, 26.5, -3.75],
							"size": [2, 0.5, 2],
							"pivot": [5.75, 25, -2.75],
							"rotation": [0, 0, 90],
							"uv": {
								"north": {"uv": [4, 76], "uv_size": [2, 0.5]},
								"east": {"uv": [2, 76], "uv_size": [2, 0.5]},
								"south": {"uv": [2, 77], "uv_size": [2, -0.5]},
								"west": {"uv": [2, 77], "uv_size": [2, 0.5]},
								"up": {"uv": [6, 80], "uv_size": [-2, -2]},
								"down": {"uv": [2, 80], "uv_size": [-2, -2]}
							}
						},
						{
							"origin": [3.75, 22, -3],
							"size": [5.5, 3, 6],
							"uv": {
								"north": {"uv": [25, 67], "uv_size": [6, 3]},
								"east": {"uv": [67, 27], "uv_size": [6, 3]},
								"south": {"uv": [67, 30], "uv_size": [6, 3]},
								"west": {"uv": [44, 67], "uv_size": [6, 3]},
								"up": {"uv": [55, 35], "uv_size": [6, 6]},
								"down": {"uv": [56, 18], "uv_size": [6, -6]}
							}
						},
						{
							"origin": [3.85, 21.75, -2.25],
							"size": [4.75, 3, 4.75],
							"uv": {
								"north": {"uv": [70, 12], "uv_size": [5, 3]},
								"east": {"uv": [70, 15], "uv_size": [5, 3]},
								"south": {"uv": [25, 70], "uv_size": [5, 3]},
								"west": {"uv": [30, 70], "uv_size": [5, 3]},
								"up": {"uv": [64, 62], "uv_size": [5, 5]},
								"down": {"uv": [32, 70], "uv_size": [5, -5]}
							}
						}
					]
				},
				{
					"name": "bipedLeftLeg",
					"pivot": [2, 12, 0]
				},
				{
					"name": "armorLeftLeg",
					"parent": "bipedLeftLeg",
					"pivot": [2, 12, 0],
					"cubes": [
						{
							"origin": [4.25, 5.75, -0.25],
							"size": [1, 2.5, 2],
							"uv": {
								"north": {"uv": [6, 64], "uv_size": [1, 3]},
								"east": {"uv": [32, 44], "uv_size": [2, 3]},
								"south": {"uv": [65, 8], "uv_size": [1, 3]},
								"west": {"uv": [53, 29], "uv_size": [2, 3]},
								"up": {"uv": [22, 75], "uv_size": [1, 2]},
								"down": {"uv": [23, 77], "uv_size": [1, -2]}
							}
						},
						{
							"origin": [-0.25, 6.5, -2.5],
							"size": [4.5, 1.25, 4.75],
							"uv": {
								"north": {"uv": [73, 31], "uv_size": [5, 1]},
								"east": {"uv": [73, 32], "uv_size": [5, 1]},
								"south": {"uv": [44, 73], "uv_size": [5, 1]},
								"west": {"uv": [4, 74], "uv_size": [5, 1]},
								"up": {"uv": [63, 48], "uv_size": [5, 5]},
								"down": {"uv": [0, 69], "uv_size": [5, -5]}
							}
						},
						{
							"origin": [-4.25, 7.5, -2.6],
							"size": [8.5, 4.75, 0],
							"uv": {
								"north": {"uv": [54, 49], "uv_size": [9, 5]},
								"east": {"uv": [0, 0], "uv_size": [0, 5]},
								"south": {"uv": [76, 0], "uv_size": [9, 0]},
								"west": {"uv": [0, 0], "uv_size": [0, 5]},
								"up": {"uv": [0, 0], "uv_size": [9, 0]},
								"down": {"uv": [0, 0], "uv_size": [9, 0]}
							}
						}
					]
				},
				{
					"name": "armorLeftBoot",
					"parent": "bipedLeftLeg",
					"pivot": [2, 12, 0],
					"cubes": [
						{
							"origin": [0.25, -0.3, -3.25],
							"size": [3.5, 1.25, 1],
							"uv": {
								"north": {"uv": [75, 12], "uv_size": [4, 1]},
								"east": {"uv": [34, 75], "uv_size": [1, 1]},
								"south": {"uv": [75, 13], "uv_size": [4, 1]},
								"west": {"uv": [35, 75], "uv_size": [1, 1]},
								"up": {"uv": [75, 14], "uv_size": [4, 1]},
								"down": {"uv": [75, 16], "uv_size": [4, -1]}
							}
						},
						{
							"origin": [-0.25, -0.3, -2.5],
							"size": [4.5, 5.2, 4.75],
							"uv": {
								"north": {"uv": [33, 60], "uv_size": [5, 5]},
								"east": {"uv": [61, 35], "uv_size": [5, 5]},
								"south": {"uv": [61, 54], "uv_size": [5, 5]},
								"west": {"uv": [7, 62], "uv_size": [5, 5]},
								"up": {"uv": [12, 62], "uv_size": [5, 5]},
								"down": {"uv": [62, 17], "uv_size": [5, -5]}
							}
						}
					]
				},
				{
					"name": "bipedRightLeg",
					"pivot": [-2, 12, 0]
				},
				{
					"name": "armorRightLeg",
					"parent": "bipedRightLeg",
					"pivot": [-2, 12, 0],
					"cubes": [
						{
							"origin": [-4.25, 7.5, -2.6],
							"size": [8.5, 4.75, 0],
							"uv": {
								"north": {"uv": [54, 44], "uv_size": [9, 5]},
								"east": {"uv": [0, 0], "uv_size": [0, 5]},
								"south": {"uv": [76, 0], "uv_size": [9, 0]},
								"west": {"uv": [0, 0], "uv_size": [0, 5]},
								"up": {"uv": [0, 0], "uv_size": [9, 0]},
								"down": {"uv": [0, 0], "uv_size": [9, 0]}
							}
						},
						{
							"origin": [-4.25, 9, -2.25],
							"size": [4.5, 1.25, 4.5],
							"uv": {
								"north": {"uv": [61, 40], "uv_size": [5, 1]},
								"east": {"uv": [61, 59], "uv_size": [5, 1]},
								"south": {"uv": [62, 17], "uv_size": [5, 1]},
								"west": {"uv": [66, 40], "uv_size": [5, 1]},
								"up": {"uv": [49, 62], "uv_size": [5, 5]},
								"down": {"uv": [54, 67], "uv_size": [5, -5]}
							}
						},
						{
							"origin": [-4.35, 8.5, -3.75],
							"size": [0, 2.25, 7],
							"pivot": [-3.35, 8.25, 0],
							"rotation": [-25, 0, 0],
							"uv": {
								"north": {"uv": [0, 0], "uv_size": [0, 2]},
								"east": {"uv": [77, 16], "uv_size": [15, 5]},
								"south": {"uv": [0, 0], "uv_size": [0, 2]},
								"west": {"uv": [76, 0], "uv_size": [7, 0]},
								"up": {"uv": [0, 0], "uv_size": [0, 7]},
								"down": {"uv": [0, 7], "uv_size": [0, -7]}
							}
						},
						{
							"origin": [-4.25, 6.5, -2.5],
							"size": [4.5, 1.25, 4.75],
							"uv": {
								"north": {"uv": [67, 33], "uv_size": [5, 1]},
								"east": {"uv": [72, 22], "uv_size": [5, 1]},
								"south": {"uv": [72, 33], "uv_size": [5, 1]},
								"west": {"uv": [72, 50], "uv_size": [5, 1]},
								"up": {"uv": [59, 62], "uv_size": [5, 5]},
								"down": {"uv": [63, 48], "uv_size": [5, -5]}
							}
						},
						{
							"origin": [-5.25, 5.75, -2],
							"size": [1, 2.5, 2],
							"uv": {
								"north": {"uv": [32, 62], "uv_size": [1, 3]},
								"east": {"uv": [34, 16], "uv_size": [2, 3]},
								"south": {"uv": [5, 64], "uv_size": [1, 3]},
								"west": {"uv": [32, 41], "uv_size": [2, 3]},
								"up": {"uv": [17, 75], "uv_size": [1, 2]},
								"down": {"uv": [18, 77], "uv_size": [1, -2]}
							}
						}
					]
				},
				{
					"name": "armorRightBoot",
					"parent": "bipedRightLeg",
					"pivot": [-2, 12, 0],
					"cubes": [
						{
							"origin": [-4.25, -0.3, -2.5],
							"size": [4.5, 5.2, 4.75],
							"uv": {
								"north": {"uv": [17, 62], "uv_size": [5, 5]},
								"east": {"uv": [22, 62], "uv_size": [5, 5]},
								"south": {"uv": [62, 24], "uv_size": [5, 5]},
								"west": {"uv": [27, 62], "uv_size": [5, 5]},
								"up": {"uv": [62, 29], "uv_size": [5, 5]},
								"down": {"uv": [44, 67], "uv_size": [5, -5]}
							}
						},
						{
							"origin": [-3.75, -0.3, -3.25],
							"size": [3.5, 1.25, 1],
							"uv": {
								"north": {"uv": [0, 75], "uv_size": [4, 1]},
								"east": {"uv": [32, 75], "uv_size": [1, 1]},
								"south": {"uv": [4, 75], "uv_size": [4, 1]},
								"west": {"uv": [33, 75], "uv_size": [1, 1]},
								"up": {"uv": [8, 75], "uv_size": [4, 1]},
								"down": {"uv": [12, 76], "uv_size": [4, -1]}
							}
						}
					]
				}
			]
		}
	]
}