{
	"format_version": "1.12.0",
	"minecraft:geometry": [
		{
			"description": {
				"identifier": "geometry.unknown",
				"texture_width": 128,
				"texture_height": 128,
				"visible_bounds_width": 3,
				"visible_bounds_height": 4.5,
				"visible_bounds_offset": [0, 1.75, 0]
			},
			"bones": [
				{
					"name": "bipedHead",
					"pivot": [0, 24, 0]
				},
				{
					"name": "armorHead",
					"parent": "bipedHead",
					"pivot": [0, 24, 0],
					"cubes": [
						{
							"origin": [-10.49817, 29.4052, -11.40895],
							"size": [21.06, 0, 21.06],
							"pivot": [0.03183, 29.4052, -0.87895],
							"rotation": [-22.5, 0, 0],
							"uv": {
								"north": {"uv": [0, 0], "uv_size": [21, 0]},
								"east": {"uv": [0, 0], "uv_size": [21, 0]},
								"south": {"uv": [0, 0], "uv_size": [21, 0]},
								"west": {"uv": [0, 0], "uv_size": [21, 0]},
								"up": {"uv": [52, 75], "uv_size": [21, 21]},
								"down": {"uv": [52, 117], "uv_size": [21, -21]}
							}
						},
						{
							"origin": [-5.21546, 30.52605, -8.14151],
							"size": [10.56, 0, 4.26],
							"pivot": [0.06454, 30.52605, -5.11151],
							"rotation": [67.50163, 0, 0],
							"uv": {
								"north": {"uv": [0, 0], "uv_size": [11, 0]},
								"east": {"uv": [0, 0], "uv_size": [4, 0]},
								"south": {"uv": [0, 0], "uv_size": [11, 0]},
								"west": {"uv": [0, 0], "uv_size": [4, 0]},
								"up": {"uv": [74, 21], "uv_size": [11, 4]},
								"down": {"uv": [95, 46], "uv_size": [11, -4]}
							}
						},
						{
							"origin": [-5.21546, 25.77605, 4.38151],
							"size": [10.56, 0, 4.26],
							"pivot": [0.06454, 25.77605, 5.61151],
							"rotation": [-67.50163, 0, 0],
							"uv": {
								"north": {"uv": [0, 0], "uv_size": [11, 0]},
								"east": {"uv": [0, 0], "uv_size": [4, 0]},
								"south": {"uv": [0, 0], "uv_size": [11, 0]},
								"west": {"uv": [0, 0], "uv_size": [4, 0]},
								"up": {"uv": [87, 50], "uv_size": [11, 4]},
								"down": {"uv": [95, 46], "uv_size": [11, -4]}
							}
						},
						{
							"origin": [-10.76546, 27.77605, -3.14151],
							"size": [10.86, 0, 4.26],
							"pivot": [-5.48546, 27.77605, -0.11151],
							"rotation": [-14, 67.50163, -90],
							"uv": {
								"north": {"uv": [0, 0], "uv_size": [11, 0]},
								"east": {"uv": [0, 0], "uv_size": [4, 0]},
								"south": {"uv": [0, 0], "uv_size": [11, 0]},
								"west": {"uv": [0, 0], "uv_size": [4, 0]},
								"up": {"uv": [84, 42], "uv_size": [11, 4]},
								"down": {"uv": [95, 46], "uv_size": [11, -4]}
							}
						},
						{
							"origin": [0.00546, 27.77605, -3.14151],
							"size": [10.86, 0, 4.26],
							"pivot": [5.58546, 27.77605, -0.11151],
							"rotation": [-14, -67.50163, 90],
							"uv": {
								"north": {"uv": [0, 0], "uv_size": [11, 0]},
								"east": {"uv": [0, 0], "uv_size": [4, 0]},
								"south": {"uv": [0, 0], "uv_size": [11, 0]},
								"west": {"uv": [0, 0], "uv_size": [4, 0]},
								"up": {"uv": [32, 86], "uv_size": [11, 4]},
								"down": {"uv": [95, 46], "uv_size": [11, -4]}
							}
						},
						{
							"origin": [-5.23317, 27.13562, -3.56533],
							"size": [10.53, 4.8025, 11.195],
							"pivot": [3.35763, 32.9772, 5.81885],
							"rotation": [-22.5, 0, 0],
							"uv": {
								"north": {"uv": [18, 78], "uv_size": [11, 5]},
								"east": {"uv": [48, 9], "uv_size": [10, 5]},
								"south": {"uv": [82, 0], "uv_size": [11, 5]},
								"west": {"uv": [58, 25], "uv_size": [10, 5]},
								"up": {"uv": [32, 76], "uv_size": [11, 10]},
								"down": {"uv": [76, 57], "uv_size": [11, -10]}
							}
						},
						{
							"origin": [-5.43317, 28.13562, -3.76533],
							"size": [10.93, 1.8025, 11.595],
							"pivot": [3.35763, 32.9772, 5.81885],
							"rotation": [-22.5, 0, 0],
							"uv": {
								"north": {"uv": [62, 7], "uv_size": [11, 2]},
								"east": {"uv": [83, 73], "uv_size": [10, 2]},
								"south": {"uv": [82, 5], "uv_size": [11, 2]},
								"west": {"uv": [0, 88], "uv_size": [10, 2]},
								"up": {"uv": [76, 57], "uv_size": [11, 10]},
								"down": {"uv": [0, 88], "uv_size": [11, -10]}
							}
						},
						{
							"origin": [-3.22278, 30.24494, -1.68183],
							"size": [7.02, 7.605, 7.29],
							"pivot": [-0.11287, 33.35789, 1.94067],
							"rotation": [-16.32495, 15.69986, 42.73421],
							"uv": {
								"north": {"uv": [52, 64], "uv_size": [7, 8]},
								"east": {"uv": [43, 76], "uv_size": [7, 8]},
								"south": {"uv": [76, 67], "uv_size": [7, 8]},
								"west": {"uv": [11, 78], "uv_size": [7, 8]},
								"up": {"uv": [18, 83], "uv_size": [7, 7]},
								"down": {"uv": [25, 90], "uv_size": [7, -7]}
							}
						},
						{
							"origin": [0.75799, 33.95544, -1.00683],
							"size": [7.605, 4.3875, 5.85],
							"pivot": [-0.11287, 33.35789, 1.94067],
							"rotation": [-22.5, 0, 0],
							"uv": {
								"north": {"uv": [43, 84], "uv_size": [8, 4]},
								"east": {"uv": [11, 86], "uv_size": [6, 4]},
								"south": {"uv": [87, 58], "uv_size": [8, 4]},
								"west": {"uv": [87, 62], "uv_size": [6, 4]},
								"up": {"uv": [83, 67], "uv_size": [8, 6]},
								"down": {"uv": [84, 38], "uv_size": [8, -6]}
							}
						},
						{
							"origin": [2.58312, 40.18741, -0.12933],
							"size": [4.095, 2.34, 4.095],
							"pivot": [-0.11287, 33.35789, 1.94067],
							"rotation": [-16.32495, 15.69986, 42.73421],
							"uv": {
								"north": {"uv": [52, 72], "uv_size": [4, 2]},
								"east": {"uv": [56, 72], "uv_size": [4, 2]},
								"south": {"uv": [88, 29], "uv_size": [4, 2]},
								"west": {"uv": [46, 88], "uv_size": [4, 2]},
								"up": {"uv": [32, 71], "uv_size": [4, 4]},
								"down": {"uv": [88, 29], "uv_size": [4, -4]}
							}
						},
						{
							"origin": [10.32549, 30.56036, 0.14275],
							"size": [1.67, 4.595, 3.34],
							"pivot": [10.41049, 33.10786, 1.81275],
							"rotation": [-16.32495, -15.69986, -42.73421],
							"uv": {
								"north": {"uv": [16, 62], "uv_size": [2, 5]},
								"east": {"uv": [29, 78], "uv_size": [3, 5]},
								"south": {"uv": [50, 76], "uv_size": [2, 5]},
								"west": {"uv": [43, 88], "uv_size": [3, 5]},
								"up": {"uv": [16, 67], "uv_size": [2, 3]},
								"down": {"uv": [50, 84], "uv_size": [2, -3]}
							}
						},
						{"origin": [-2.5, 31.75, -6.5], "size": [2, 2, 2], "pivot": [-1.5, 31.75, -5.5], "rotation": [-7, 20, 0], "uv": [18, 39]},
						{"origin": [0, 31.75, -7], "size": [3, 3, 3], "pivot": [1.5, 31.75, -5.5], "rotation": [-15, -24, 0], "uv": [36, 9]},
						{
							"origin": [-5, 23.35, -4.85],
							"size": [10, 7.9, 9.9],
							"uv": {
								"north": {"uv": [74, 76], "uv_size": [20, 14]},
								"east": {"uv": [0, 8], "uv_size": [8, 7]},
								"south": {"uv": [26, 8], "uv_size": [10, 7]},
								"west": {"uv": [18, 8], "uv_size": [8, 7]},
								"up": {"uv": [8, 0], "uv_size": [10, 8]},
								"down": {"uv": [18, 8], "uv_size": [10, -8]}
							}
						}
					]
				},
				{
					"name": "bipedBody",
					"pivot": [0, 24, 0]
				},
				{
					"name": "armorBody",
					"parent": "bipedBody",
					"pivot": [0, 24, 0],
					"cubes": [
						{"origin": [-4.35, 4, -1.25], "size": [8.7, 19.75, 5.5], "pivot": [0, 20.25, -1.25], "rotation": [11, 0, 0], "uv": [0, 15]},
						{"origin": [0.4, 4, -2.25], "size": [5.3, 19.75, 4.5], "pivot": [3, 13.875, 0], "rotation": [0, 90, -5], "uv": [0, 39]},
						{"origin": [-5.55, 4, -2.25], "size": [5.15, 19.75, 4.5], "pivot": [-3, 13.875, 0], "rotation": [0, -90, 5], "uv": [18, 48]},
						{"origin": [-4.4, 19.5, -2.75], "size": [8.85, 4.75, 5.5], "uv": [36, 0]},
						{
							"origin": [-4.65, 15.75, -2.8],
							"size": [8.35, 8.5, 0],
							"pivot": [-0.5, 21.5, -1.8],
							"rotation": [0, 0, 7.5],
							"uv": {
								"north": {"uv": [18, 90], "uv_size": [14, 14]},
								"east": {"uv": [68, 32], "uv_size": [0, 8]},
								"south": {"uv": [76, 32], "uv_size": [8, 8]},
								"west": {"uv": [76, 32], "uv_size": [0, 8]},
								"up": {"uv": [68, 32], "uv_size": [8, 0]},
								"down": {"uv": [76, 32], "uv_size": [8, 0]}
							}
						},
						{"origin": [-4.4, 11.55, -2.5], "size": [8.85, 12.25, 5], "uv": [26, 31]}
					]
				},
				{
					"name": "bipedRightArm",
					"pivot": [-4, 22, 0]
				},
				{
					"name": "armorRightArm",
					"parent": "bipedRightArm",
					"pivot": [-4, 22, 0],
					"cubes": [
						{"origin": [-10.5, 20.5, -2.35], "size": [6.75, 3.8, 4.9], "uv": [62, 0]},
						{"origin": [-8.25, 11.5, -2.35], "size": [4.75, 3.8, 4.8], "inflate": 0.1, "uv": [16, 71]}
					]
				},
				{
					"name": "bipedLeftArm",
					"pivot": [4, 22, 0]
				},
				{
					"name": "armorLeftArm",
					"parent": "bipedLeftArm",
					"pivot": [4, 22, 0],
					"cubes": [
						{"origin": [3.75, 20.5, -2.35], "size": [6.75, 3.8, 4.9], "uv": [68, 25]},
						{"origin": [3.5, 11.5, -2.35], "size": [4.75, 3.8, 4.8], "inflate": 0.1, "uv": [68, 40]}
					]
				},
				{
					"name": "bipedLeftLeg",
					"pivot": [2, 12, 0]
				},
				{
					"name": "armorLeftLeg",
					"parent": "bipedLeftLeg",
					"pivot": [2, 12, 0],
					"cubes": [
						{"origin": [-0.25, 3.5, -2.35], "size": [4.75, 8.8, 4.6], "uv": [60, 63]}
					]
				},
				{
					"name": "armorLeftBoot",
					"parent": "bipedLeftLeg",
					"pivot": [2, 12, 0],
					"cubes": [
						{"origin": [-0.25, -0.5, -2.35], "size": [4.5, 3.8, 4.6], "uv": [74, 7]},
						{"origin": [0.25, -0.4, -3.35], "size": [3.5, 1.45, 1.1], "uv": [18, 45]}
					]
				},
				{
					"name": "bipedRightLeg",
					"pivot": [-2, 12, 0]
				},
				{
					"name": "armorRightLeg",
					"parent": "bipedRightLeg",
					"pivot": [-2, 12, 0],
					"cubes": [
						{"origin": [-4.5, 3.5, -2.35], "size": [4.75, 8.8, 4.6], "uv": [36, 64]}
					]
				},
				{
					"name": "armorRightBoot",
					"parent": "bipedRightLeg",
					"pivot": [-2, 12, 0],
					"cubes": [
						{"origin": [-4.25, -0.5, -2.35], "size": [4.5, 3.8, 4.6], "uv": [74, 14]},
						{"origin": [-3.75, -0.4, -3.35], "size": [3.5, 1.45, 1.1], "uv": [18, 43]}
					]
				}
			]
		}
	]
}