{
	"format_version": "1.12.0",
	"minecraft:geometry": [
		{
			"description": {
				"identifier": "geometry.unknown",
				"texture_width": 128,
				"texture_height": 128,
				"visible_bounds_width": 3,
				"visible_bounds_height": 3.5,
				"visible_bounds_offset": [0, 1.25, 0]
			},
			"bones": [
				{
					"name": "bipedHead",
					"pivot": [0, 24, 0]
				},
				{
					"name": "armorHead",
					"parent": "bipedHead",
					"pivot": [0.5, 24, 0],
					"cubes": [
						{"origin": [-4.45, 23.89372, -5.25], "size": [9.35, 9.9, 10.25], "pivot": [0.3, 28.54372, 0], "rotation": [0, 0, -90], "uv": [0, 0]},
						{"origin": [-3.55, 25.45548, 1.65], "size": [6.85, 6.6, 6.6], "pivot": [0, 28.75548, 4.95], "rotation": [0, 0, 90], "uv": [0, 61]},
						{"origin": [-2.3, 24.26146, 4.55481], "size": [4.6, 4.6, 8.6], "pivot": [0, 26.56146, 8.85481], "rotation": [35.26439, 30, 144.73561], "uv": [24, 61]},
						{"origin": [-1.3, 19.88048, 7.075], "size": [2.6, 2.6, 8.6], "pivot": [0, 21.18048, 11.375], "rotation": [90, 45, -180], "uv": [64, 73]},
						{"origin": [-5.25, 23.44017, -5.225], "size": [10.5, 4, 9.95], "uv": [90, 62]}
					]
				},
				{
					"name": "bipedBody",
					"pivot": [0, 24, 0]
				},
				{
					"name": "armorBody",
					"parent": "bipedBody",
					"pivot": [0, 24.75, 0],
					"cubes": [
						{
							"origin": [-1.5, 18.5, -3.5],
							"size": [3, 3, 2],
							"pivot": [0, 20, -2.5],
							"rotation": [0, 0, -45],
							"uv": {
								"north": {"uv": [118, 2], "uv_size": [-6, 6]},
								"east": {"uv": [126, 2], "uv_size": [-2, 6]},
								"south": {"uv": [124, 2], "uv_size": [-6, 6]},
								"west": {"uv": [112, 2], "uv_size": [-2, 6]},
								"up": {"uv": [118, 0], "uv_size": [-6, 2]},
								"down": {"uv": [124, 2], "uv_size": [-6, -2]}
							}
						},
						{"origin": [-4.5, 17.44017, -3], "size": [9, 9, 6], "pivot": [0, 21.94017, 0], "rotation": [0, 0, 45], "uv": [52, 28]},
						{"origin": [-4.25, 12.25, -2.45], "size": [8.5, 2.25, 4.9], "uv": [76, 43]},
						{"origin": [-2.25, 7.25, -2.45], "size": [4.5, 5, 4.9], "uv": [18, 89]},
						{"origin": [-0.375, 7.375, -2.35], "size": [8.5, 2.25, 4.7], "pivot": [3.875, 8.5, 0], "rotation": [0, 0, -100], "uv": [76, 49]},
						{"origin": [-8.125, 7.375, -2.35], "size": [8.5, 2.25, 4.7], "pivot": [-3.875, 8.5, 0], "rotation": [0, 0, 100], "uv": [78, 55]},
						{"origin": [-5.5, 15.54017, -4], "size": [11, 9, 8], "uv": [0, 19]},
						{"origin": [-7.5, 2.19017, 3.25], "size": [11, 23, 2], "pivot": [-2, 20.69017, 6.25], "rotation": [7.38733, -1.29876, 9.91615], "uv": [0, 36], "mirror": true},
						{"origin": [-3.5, 2.19017, 3.45], "size": [11, 23, 2], "pivot": [2, 20.69017, 6.45], "rotation": [7.38733, 1.29876, -9.91615], "uv": [26, 36], "mirror": true}
					]
				},
				{
					"name": "bipedRightArm",
					"pivot": [-4, 22, 0]
				},
				{
					"name": "armorRightArm",
					"parent": "bipedRightArm",
					"pivot": [-4, 22, 0],
					"cubes": [
						{"origin": [-8.75, 20, -2.6], "size": [5.25, 4.5, 5.2], "uv": [101, 34]},
						{"origin": [-8.05, 10, -1], "size": [3, 2.5, 2], "pivot": [-6.55, 11.25, 0], "rotation": [0, 0, -22.5], "uv": [84, 78]},
						{"origin": [-8.5, 11.5, -2.25], "size": [3, 4.5, 4.5], "uv": [62, 94]},
						{"origin": [-12.5077, 19.88905, -2.60953], "size": [4.30122, 4.91568, 5.21906], "pivot": [-9.89625, 24.4975, 0], "rotation": [0, 0, -22.5], "uv": [55, 61]},
						{"origin": [-10.66432, 24.80473, -1.95657], "size": [2.45784, 4.72318, 3.91314], "pivot": [-9.89625, 24.4975, 0], "rotation": [0, 0, -22.5], "uv": [73, 15]},
						{"origin": [-9.25932, 25.05473, -1.57157], "size": [2.45784, 4.72318, 3.14314], "pivot": [-8.49125, 24.7475, 0], "rotation": [0, 0, -22.5], "uv": [65, 84]},
						{
							"origin": [-11.24182, 27.49973, 0.73843],
							"size": [1.88034, 1.25818, 0.83314],
							"pivot": [-11.05125, 24.4975, 0],
							"rotation": [0, 0, -22.5],
							"uv": {
								"north": {"uv": [74, 84], "uv_size": [2, 1]},
								"east": {"uv": [78, 84], "uv_size": [-1, 2]},
								"south": {"uv": [74, 85], "uv_size": [2, 1]},
								"west": {"uv": [83, 84], "uv_size": [0, 1]},
								"up": {"uv": [76, 84], "uv_size": [1, 1]},
								"down": {"uv": [76, 85], "uv_size": [1, 1]}
							}
						},
						{
							"origin": [-10.85683, 24.21491, -1.95657],
							"size": [1.88034, 0, 3.91314],
							"pivot": [-10.66625, 19.9545, 0],
							"rotation": [0, 0, -22.5],
							"uv": {
								"north": {"uv": [78, 97], "uv_size": [2, 0]},
								"east": {"uv": [73, 97], "uv_size": [5, 0]},
								"south": {"uv": [85, 97], "uv_size": [2, 0]},
								"west": {"uv": [80, 97], "uv_size": [5, 0]},
								"up": {"uv": [77, 98], "uv_size": [4, 10]},
								"down": {"uv": [78, 87], "uv_size": [2, 0]}
							}
						},
						{
							"origin": [-11.24182, 27.49973, -1.57157],
							"size": [1.88034, 1.25818, 0.83314],
							"pivot": [-11.05125, 24.4975, 0],
							"rotation": [0, 0, -22.5],
							"uv": {
								"north": {"uv": [74, 84], "uv_size": [2, 1]},
								"east": {"uv": [78, 84], "uv_size": [-1, 2]},
								"south": {"uv": [74, 85], "uv_size": [2, 1]},
								"west": {"uv": [83, 84], "uv_size": [0, 1]},
								"up": {"uv": [76, 84], "uv_size": [1, 1]},
								"down": {"uv": [76, 86], "uv_size": [1, -1]}
							}
						},
						{
							"origin": [-13.58509, 18.51617, -1.95657],
							"size": [3.61284, 1.25818, 0.83314],
							"pivot": [-11.77867, 19.14526, -0.385],
							"rotation": [0, 0, -55],
							"uv": {
								"north": {"uv": [82, 98], "uv_size": [3, 1]},
								"east": {"uv": [88, 103], "uv_size": [1, 1]},
								"south": {"uv": [85, 99], "uv_size": [3, 1]},
								"west": {"uv": [85, 98], "uv_size": [0, 1]},
								"up": {"uv": [82, 100], "uv_size": [3, -1]},
								"down": {"uv": [85, 102], "uv_size": [3, -1]}
							}
						},
						{
							"origin": [-13.58509, 18.51617, 1.12343],
							"size": [3.61284, 1.25818, 0.83314],
							"pivot": [-11.77867, 19.14526, 0.385],
							"rotation": [0, 0, -55],
							"uv": {
								"north": {"uv": [82, 98], "uv_size": [3, 1]},
								"east": {"uv": [88, 103], "uv_size": [1, 1]},
								"south": {"uv": [85, 99], "uv_size": [3, 1]},
								"west": {"uv": [85, 101], "uv_size": [0, 1]},
								"up": {"uv": [82, 100], "uv_size": [3, -1]},
								"down": {"uv": [85, 102], "uv_size": [3, -1]}
							}
						},
						{"origin": [-9.5, 16.75, -2.5], "size": [5, 4.5, 5], "pivot": [-7, 19, 0], "rotation": [0, 0, 22.5], "uv": [82, 26]}
					]
				},
				{
					"name": "bipedLeftArm",
					"pivot": [4, 22, 0]
				},
				{
					"name": "armorLeftArm",
					"parent": "bipedLeftArm",
					"pivot": [4, 22, 0],
					"cubes": [
						{"origin": [5.05, 10, -1], "size": [3, 2.5, 2], "pivot": [6.55, 11.25, 0], "rotation": [0, 0, 22.5], "uv": [94, 78]},
						{"origin": [4.5, 16.75, -2.5], "size": [5, 4.5, 5], "pivot": [7, 19, 0], "rotation": [0, 0, -22.5], "uv": [78, 61]},
						{"origin": [3.5, 20, -2.6], "size": [5.25, 4.5, 5.2], "uv": [0, 97]},
						{"origin": [5.5, 11.5, -2.25], "size": [3, 4.5, 4.5], "uv": [38, 28]},
						{"origin": [9.07365, 20.41847, -2.61952], "size": [2.00889, 4.9593, 5.23904], "pivot": [9.89213, 25.18529, 0], "rotation": [0, 0, 22.5], "uv": [73, 3]},
						{"origin": [9.01945, 25.17776, -1.96406], "size": [1.54745, 4.1693, 3.92812], "pivot": [9.89213, 25.18529, 0], "rotation": [0, 0, 22.5], "uv": [82, 85]},
						{"origin": [7.57517, 25.08798, -1.56906], "size": [2.33745, 3.9718, 3.13812], "pivot": [9.89213, 25.18529, 0], "rotation": [0, 0, 22.5], "uv": [36, 89]}
					]
				},
				{
					"name": "bipedLeftLeg",
					"pivot": [2, 12, 0]
				},
				{
					"name": "armorLeftLeg",
					"parent": "bipedLeftLeg",
					"pivot": [2, 12, 0],
					"cubes": [
						{"origin": [1.5, 5.5, -2.25], "size": [3, 5.5, 4.5], "uv": [48, 89]}
					]
				},
				{
					"name": "armorLeftBoot",
					"parent": "bipedLeftLeg",
					"pivot": [2, 12, 0],
					"cubes": [
						{"origin": [-0.25, -0.25, -2.25], "size": [4.5, 3.5, 4.5], "uv": [90, 0]},
						{"origin": [0.25, -0.15, -3.5], "size": [3.5, 1.4, 2], "uv": [90, 23]}
					]
				},
				{
					"name": "bipedRightLeg",
					"pivot": [-2, 12, 0]
				},
				{
					"name": "armorRightLeg",
					"parent": "bipedRightLeg",
					"pivot": [-2, 12, 0],
					"cubes": [
						{"origin": [-4.5, 5.5, -2.25], "size": [3, 5.5, 4.5], "uv": [90, 14]}
					]
				},
				{
					"name": "armorRightBoot",
					"parent": "bipedRightLeg",
					"pivot": [-2, 12, 0],
					"cubes": [
						{"origin": [-3.75, -0.15, -3.5], "size": [3.5, 1.4, 2], "uv": [94, 82]},
						{"origin": [-4.25, -0.25, -2.25], "size": [4.5, 3.5, 4.5], "uv": [90, 7]}
					]
				}
			]
		}
	]
}