{
	"format_version": "1.12.0",
	"minecraft:geometry": [
		{
			"description": {
				"identifier": "geometry.unknown",
				"texture_width": 128,
				"texture_height": 128,
				"visible_bounds_width": 4,
				"visible_bounds_height": 4.5,
				"visible_bounds_offset": [0, 1.75, 0]
			},
			"bones": [
				{
					"name": "bipedHead",
					"pivot": [0, 24, 0]
				},
				{
					"name": "armorHead",
					"parent": "bipedHead",
					"pivot": [0, 24, 0],
					"cubes": [
						{
							"origin": [-6.1151, 27.11397, -10.47182],
							"size": [21.06, 0, 21.06],
							"pivot": [3.35763, 32.9772, 5.81885],
							"rotation": [-30.36119, 40.78947, -20.94102],
							"uv": {
								"north": {"uv": [23, 23], "uv_size": [23, 0]},
								"east": {"uv": [0, 23], "uv_size": [23, 0]},
								"south": {"uv": [69, 23], "uv_size": [23, 0]},
								"west": {"uv": [46, 23], "uv_size": [23, 0]},
								"up": {"uv": [23, 0], "uv_size": [23, 23]},
								"down": {"uv": [46, 23], "uv_size": [23, -23]}
							}
						},
						{
							"origin": [-5.23317, 27.13562, -3.56533],
							"size": [10.53, 5.0525, 10.945],
							"pivot": [3.35763, 32.9772, 5.81885],
							"rotation": [-22.5, 0, 0],
							"uv": {
								"north": {"uv": [11, 34], "uv_size": [11, 5]},
								"east": {"uv": [0, 34], "uv_size": [11, 5]},
								"south": {"uv": [33, 33], "uv_size": [11, 5]},
								"west": {"uv": [22, 34], "uv_size": [11, 5]},
								"up": {"uv": [11, 23], "uv_size": [11, 11]},
								"down": {"uv": [22, 34], "uv_size": [11, -11]}
							}
						},
						{
							"origin": [-3.65817, 27.21187, -1.04751],
							"size": [7.29, 7.605, 7.02],
							"pivot": [3.35763, 32.9772, 5.81885],
							"rotation": [-45, 0, 0],
							"uv": {
								"north": {"uv": [33, 61], "uv_size": [8, 8]},
								"east": {"uv": [26, 61], "uv_size": [7, 8]},
								"south": {"uv": [9, 96], "uv_size": [8, 8]},
								"west": {"uv": [41, 61], "uv_size": [7, 8]},
								"up": {"uv": [33, 54], "uv_size": [8, 7]},
								"down": {"uv": [41, 61], "uv_size": [8, -7]}
							}
						},
						{
							"origin": [-2.89317, 34.35544, 2.15799],
							"size": [5.85, 4.3875, 7.605],
							"uv": {
								"north": {"uv": [66, 43], "uv_size": [6, 4]},
								"east": {"uv": [58, 43], "uv_size": [8, 4]},
								"south": {"uv": [80, 43], "uv_size": [6, 4]},
								"west": {"uv": [72, 43], "uv_size": [8, 4]},
								"up": {"uv": [66, 35], "uv_size": [6, 8]},
								"down": {"uv": [72, 43], "uv_size": [6, -8]}
							}
						},
						{
							"origin": [-2.01567, 37.15435, 4.7584],
							"size": [4.095, 2.34, 4.095],
							"pivot": [3.35763, 32.9772, 5.81885],
							"rotation": [-45, 0, 0],
							"uv": {
								"north": {"uv": [62, 51], "uv_size": [4, 2]},
								"east": {"uv": [58, 51], "uv_size": [4, 2]},
								"south": {"uv": [70, 51], "uv_size": [4, 2]},
								"west": {"uv": [66, 51], "uv_size": [4, 2]},
								"up": {"uv": [62, 47], "uv_size": [4, 4]},
								"down": {"uv": [66, 51], "uv_size": [4, -4]}
							}
						},
						{
							"origin": [-1.13817, 31.43044, 11.22549],
							"size": [2.34, 4.095, 1.17],
							"uv": {
								"north": {"uv": [17, 74], "uv_size": [2, 4]},
								"east": {"uv": [16, 74], "uv_size": [1, 4]},
								"south": {"uv": [20, 74], "uv_size": [2, 4]},
								"west": {"uv": [19, 74], "uv_size": [1, 4]},
								"up": {"uv": [17, 73], "uv_size": [2, 1]},
								"down": {"uv": [19, 74], "uv_size": [2, -1]}
							}
						},
						{
							"origin": [-0.84567, 35.70655, 10.80662],
							"size": [1.755, 1.17, 2.34],
							"pivot": [3.35763, 32.9772, 5.81885],
							"rotation": [-45, 0, 0],
							"uv": {
								"north": {"uv": [46, 37], "uv_size": [1, 1]},
								"east": {"uv": [44, 37], "uv_size": [2, 1]},
								"south": {"uv": [49, 37], "uv_size": [1, 1]},
								"west": {"uv": [47, 37], "uv_size": [2, 1]},
								"up": {"uv": [46, 35], "uv_size": [1, 2]},
								"down": {"uv": [47, 37], "uv_size": [1, -2]}
							}
						},
						{
							"origin": [7.49649, 26.51222, 4.02151],
							"size": [0, 11.7, 2.34],
							"pivot": [3.35763, 32.9772, 5.81885],
							"rotation": [-53.10757, 22.79919, -12.30492],
							"uv": {
								"north": {"uv": [84, 86], "uv_size": [0, 13]},
								"east": {"uv": [82, 86], "uv_size": [2, 13]},
								"south": {"uv": [86, 86], "uv_size": [0, 13]},
								"west": {"uv": [84, 86], "uv_size": [2.34, 11.7]},
								"up": {"uv": [84, 84], "uv_size": [0, 2]},
								"down": {"uv": [84, 86], "uv_size": [0, -2]}
							}
						},
						{
							"origin": [7.72843, 25.69811, 3.24444],
							"size": [0, 11.7, 2.34],
							"pivot": [7.72843, 31.54811, 4.41444],
							"rotation": [-85.60757, 22.79919, -12.30492],
							"uv": {
								"north": {"uv": [84, 86], "uv_size": [0, 13]},
								"east": {"uv": [82, 86], "uv_size": [2, 13]},
								"south": {"uv": [86, 86], "uv_size": [0, 13]},
								"west": {"uv": [84, 86], "uv_size": [2.34, 11.7]},
								"up": {"uv": [84, 84], "uv_size": [0, 2]},
								"down": {"uv": [84, 86], "uv_size": [0, -2]}
							}
						},
						{
							"origin": [-4.65, 23.3, -4.7],
							"size": [9.3, 3.7, 9.2],
							"uv": {
								"north": {"uv": [44, 108], "uv_size": [8, 3]},
								"east": {"uv": [35, 108], "uv_size": [9, 3]},
								"south": {"uv": [61, 108], "uv_size": [8, 3]},
								"west": {"uv": [52, 108], "uv_size": [9, 3]},
								"up": {"uv": [44, 99], "uv_size": [8, 0]},
								"down": {"uv": [52, 108], "uv_size": [8, -9]}
							}
						},
						{"origin": [-4.6, 27.5, -6.05], "size": [9.2, 3.25, 9.8], "pivot": [0, 27.75, -1.5], "rotation": [-22.5, 0, 0], "uv": [8, 108]}
					]
				},
				{
					"name": "bipedBody",
					"pivot": [0, 24, 0]
				},
				{
					"name": "armorBody",
					"parent": "bipedBody",
					"pivot": [0, 24, 0],
					"cubes": [
						{
							"origin": [-4.5, 6, -1.75],
							"size": [9, 18, 5.5],
							"pivot": [0, 15, 1],
							"rotation": [7.5, 0, 0],
							"uv": {
								"north": {"uv": [5, 43], "uv_size": [8, 18]},
								"east": {"uv": [0, 43], "uv_size": [5, 18]},
								"south": {"uv": [18, 43], "uv_size": [8, 18]},
								"west": {"uv": [13, 43], "uv_size": [5, 18]},
								"up": {"uv": [0, 92], "uv_size": [8, 5]},
								"down": {"uv": [0, 102], "uv_size": [8, -5]}
							}
						},
						{
							"origin": [-4.75, 20.75, -1.75],
							"size": [9.5, 5.25, 7],
							"uv": {
								"north": {"uv": [51, 30], "uv_size": [9, 5]},
								"east": {"uv": [44, 30], "uv_size": [7, 5]},
								"south": {"uv": [67, 30], "uv_size": [9, 5]},
								"west": {"uv": [60, 30], "uv_size": [7, 5]},
								"up": {"uv": [51, 23], "uv_size": [9, 7]},
								"down": {"uv": [60, 30], "uv_size": [9, -7]}
							}
						},
						{
							"origin": [-1.5, 17.75, -3],
							"size": [2, 3, 1],
							"pivot": [-0.5, 18.75, -2.25],
							"rotation": [0, 0, 22.5],
							"uv": {
								"north": {"uv": [87, 44], "uv_size": [2, 3]},
								"east": {"uv": [86, 44], "uv_size": [1, 3]},
								"south": {"uv": [90, 44], "uv_size": [2, 3]},
								"west": {"uv": [89, 44], "uv_size": [1, 3]},
								"up": {"uv": [87, 43], "uv_size": [2, 1]},
								"down": {"uv": [89, 44], "uv_size": [2, -1]}
							}
						},
						{"origin": [-1.5, 13, 4.05], "size": [4, 7, 1.75], "pivot": [-0.5, 19, 4.8], "rotation": [0, 0, -12.5], "uv": [61, 90]},
						{
							"origin": [2.15, 14, -3],
							"size": [2, 3, 1],
							"uv": {
								"north": {"uv": [63, 87], "uv_size": [2, 3]},
								"east": {"uv": [62, 87], "uv_size": [1, 3]},
								"south": {"uv": [66, 87], "uv_size": [2, 3]},
								"west": {"uv": [65, 87], "uv_size": [1, 3]},
								"up": {"uv": [63, 86], "uv_size": [2, 1]},
								"down": {"uv": [65, 87], "uv_size": [2, -1]}
							}
						},
						{
							"origin": [2.7, 14, 4.3],
							"size": [2, 3, 1],
							"pivot": [3.7, 15, 5.05],
							"rotation": [0, -90, -12.5],
							"uv": {
								"north": {"uv": [63, 87], "uv_size": [2, 3]},
								"east": {"uv": [62, 87], "uv_size": [1, 3]},
								"south": {"uv": [66, 87], "uv_size": [2, 3]},
								"west": {"uv": [65, 87], "uv_size": [1, 3]},
								"up": {"uv": [63, 86], "uv_size": [2, 1]},
								"down": {"uv": [65, 87], "uv_size": [2, -1]}
							}
						},
						{
							"origin": [-1.6, 13, 4.35],
							"size": [2, 3, 1],
							"pivot": [-0.6, 14, 5.1],
							"rotation": [0, 90, -12.5],
							"uv": {
								"north": {"uv": [63, 87], "uv_size": [2, 3]},
								"east": {"uv": [62, 87], "uv_size": [1, 3]},
								"south": {"uv": [66, 87], "uv_size": [2, 3]},
								"west": {"uv": [65, 87], "uv_size": [1, 3]},
								"up": {"uv": [63, 86], "uv_size": [2, 1]},
								"down": {"uv": [65, 87], "uv_size": [2, -1]}
							}
						},
						{
							"origin": [-0.70132, 12.30266, -2.75],
							"size": [1.25, 12, 6.75],
							"pivot": [-0.07632, 19.30266, -1.75],
							"rotation": [0, 0, -42.5],
							"uv": {
								"north": {"uv": [48, 81], "uv_size": [1, 10]},
								"east": {"uv": [48, 70], "uv_size": [0, 10]},
								"south": {"uv": [49, 81], "uv_size": [1, 10]},
								"west": {"uv": [48, 70], "uv_size": [0, 10]},
								"up": {"uv": [48, 74], "uv_size": [0, 1]},
								"down": {"uv": [47, 96], "uv_size": [1, -6.75]}
							}
						},
						{"origin": [-1.24115, 8.42425, -2.75], "size": [2.05, 8.9, 5.4], "pivot": [-0.01615, 12.89925, 0.625], "rotation": [0, 0, -90], "uv": [28, 91]},
						{"origin": [0.20885, 8.47425, -2.6], "size": [6, 2, 0], "pivot": [3.20885, 9.47425, -2.6], "rotation": [0, 0, -100], "uv": [27, 105]},
						{
							"origin": [1.85, 17.65, -2.5],
							"size": [1.8, 6.25, 0],
							"uv": {
								"north": {"uv": [64, 99], "uv_size": [2, 7]},
								"east": {"uv": [69, 99], "uv_size": [0, 4]},
								"south": {"uv": [68, 99], "uv_size": [1, 4]},
								"west": {"uv": [69, 99], "uv_size": [0, 4]},
								"up": {"uv": [68, 99], "uv_size": [1, 0]},
								"down": {"uv": [68, 99], "uv_size": [1, 0]}
							}
						},
						{
							"origin": [-0.8392, 8.9888, 4.7],
							"size": [5.5, 1.5, 1.5],
							"pivot": [1.87496, 10.85022, 5.45],
							"rotation": [3.1742, 1.47774, 177.62917],
							"uv": {
								"north": {"uv": [96, 50], "uv_size": [7, 2]},
								"east": {"uv": [104, 53], "uv_size": [1, 1]},
								"south": {"uv": [96, 54], "uv_size": [7, 2]},
								"west": {"uv": [104, 52], "uv_size": [1, 1]},
								"up": {"uv": [96, 52], "uv_size": [7, 2]},
								"down": {"uv": [96, 58], "uv_size": [7, -2]}
							}
						},
						{
							"origin": [-1.10334, 11.18853, 4.7],
							"size": [5.5, 1.5, 1.5],
							"pivot": [1.87496, 10.85022, 5.45],
							"rotation": [3.3823, 0.90443, -172.38507],
							"uv": {
								"north": {"uv": [96, 54], "uv_size": [7, 2]},
								"east": {"uv": [104, 55], "uv_size": [1, 1]},
								"south": {"uv": [96, 50], "uv_size": [7, 2]},
								"west": {"uv": [104, 54], "uv_size": [1, 1]},
								"up": {"uv": [96, 56], "uv_size": [7, 2]},
								"down": {"uv": [96, 54], "uv_size": [7, -2]}
							}
						},
						{
							"origin": [1.4108, 7.9888, 5.45],
							"size": [1, 5.75, 0],
							"pivot": [1.87496, 10.85022, 5.45],
							"rotation": [0, 1.33795, -179.87399],
							"uv": {
								"north": {"uv": [96, 65], "uv_size": [7, 0]},
								"east": {"uv": [104, 53], "uv_size": [1, 1]},
								"south": {"uv": [103, 58], "uv_size": [1, 7]},
								"west": {"uv": [104, 52], "uv_size": [1, 1]},
								"up": {"uv": [96, 65], "uv_size": [7, 0]},
								"down": {"uv": [96, 67], "uv_size": [7, 0]}
							}
						},
						{
							"origin": [-0.15, 20.65, -2.5],
							"size": [1.8, 3.25, 0],
							"uv": {
								"north": {"uv": [61, 99], "uv_size": [2, 4]},
								"east": {"uv": [68, 99], "uv_size": [0, 3]},
								"south": {"uv": [68, 99], "uv_size": [1, 3]},
								"west": {"uv": [68, 99], "uv_size": [0, 3]},
								"up": {"uv": [68, 99], "uv_size": [1, 0]},
								"down": {"uv": [68, 99], "uv_size": [1, 0]}
							}
						}
					]
				},
				{
					"name": "bipedRightArm",
					"pivot": [-4, 22, 0]
				},
				{
					"name": "armorRightArm",
					"parent": "bipedRightArm",
					"pivot": [-4, 22, 0],
					"cubes": [
						{
							"origin": [-9.5, 19.25, -3],
							"size": [6.75, 6, 6],
							"uv": {
								"north": {"uv": [29, 75], "uv_size": [6, 6]},
								"east": {"uv": [23, 75], "uv_size": [6, 6]},
								"south": {"uv": [41, 75], "uv_size": [6, 6]},
								"west": {"uv": [35, 75], "uv_size": [6, 6]},
								"up": {"uv": [29, 69], "uv_size": [6, 6]},
								"down": {"uv": [35, 75], "uv_size": [6, -6]}
							}
						},
						{
							"origin": [-9.75, 19, -3.25],
							"size": [7.25, 6.5, 6.5],
							"uv": {
								"north": {"uv": [6, 67], "uv_size": [7, 6]},
								"east": {"uv": [0, 67], "uv_size": [6, 6]},
								"south": {"uv": [19, 67], "uv_size": [7, 6]},
								"west": {"uv": [13, 67], "uv_size": [6, 6]},
								"up": {"uv": [6, 61], "uv_size": [7, 6]},
								"down": {"uv": [13, 67], "uv_size": [7, -6]}
							}
						},
						{
							"origin": [-8.4, 11.3, -2.55],
							"size": [4.8, 3.2, 5.1],
							"uv": {
								"north": {"uv": [86, 82], "uv_size": [4, 2]},
								"east": {"uv": [82, 82], "uv_size": [4, 2]},
								"south": {"uv": [94, 82], "uv_size": [4, 2]},
								"west": {"uv": [90, 82], "uv_size": [4, 2]},
								"up": {"uv": [86, 78], "uv_size": [4, 4]},
								"down": {"uv": [90, 82], "uv_size": [4, -4]}
							}
						},
						{
							"origin": [-8.3, 14.3, -2.35],
							"size": [4.6, 5.2, 4.7],
							"uv": {
								"north": {"uv": [82, 65], "uv_size": [4, 5]},
								"east": {"uv": [78, 65], "uv_size": [4, 5]},
								"south": {"uv": [90, 65], "uv_size": [4, 5]},
								"west": {"uv": [86, 65], "uv_size": [4, 5]},
								"up": {"uv": [82, 61], "uv_size": [4, 4]},
								"down": {"uv": [86, 65], "uv_size": [4, -4]}
							}
						}
					]
				},
				{
					"name": "bipedLeftArm",
					"pivot": [4, 22, 0]
				},
				{
					"name": "armorLeftArm",
					"parent": "bipedLeftArm",
					"pivot": [4, 22, 0],
					"cubes": [
						{
							"origin": [3.75, 20.25, -3],
							"size": [4.75, 4, 6],
							"uv": {
								"north": {"uv": [82, 29], "uv_size": [4, 4]},
								"east": {"uv": [76, 29], "uv_size": [6, 4]},
								"south": {"uv": [92, 29], "uv_size": [4, 4]},
								"west": {"uv": [86, 29], "uv_size": [6, 4]},
								"up": {"uv": [82, 23], "uv_size": [4, 6]},
								"down": {"uv": [86, 29], "uv_size": [4, -6]}
							}
						},
						{"origin": [4.35, 18.3, -2.5], "size": [4, 2, 5], "uv": [91, 43]}
					]
				},
				{
					"name": "bipedLeftLeg",
					"pivot": [2, 12, 0]
				},
				{
					"name": "armorLeftLeg",
					"parent": "bipedLeftLeg",
					"pivot": [2, 12, 0],
					"cubes": [
						{
							"origin": [-0.6, 1.75, -2.35],
							"size": [5.05, 10.5, 4.65],
							"uv": {
								"north": {"uv": [20, 85], "uv_size": [4, 10]},
								"east": {"uv": [16, 85], "uv_size": [4, 10]},
								"south": {"uv": [28, 85], "uv_size": [4, 10]},
								"west": {"uv": [24, 85], "uv_size": [4, 10]},
								"up": {"uv": [20, 81], "uv_size": [4, 4]},
								"down": {"uv": [24, 85], "uv_size": [4, -4]}
							}
						}
					]
				},
				{
					"name": "armorLeftBoot",
					"parent": "bipedLeftLeg",
					"pivot": [2, 12, 0],
					"cubes": [
						{
							"origin": [-0.75, -0.35, -2.45],
							"size": [5.25, 4.25, 4.8],
							"uv": {
								"north": {"uv": [86, 74], "uv_size": [4, 4]},
								"east": {"uv": [82, 74], "uv_size": [4, 4]},
								"south": {"uv": [94, 74], "uv_size": [4, 4]},
								"west": {"uv": [90, 74], "uv_size": [4, 4]},
								"up": {"uv": [86, 70], "uv_size": [4, 4]},
								"down": {"uv": [90, 74], "uv_size": [4, -4]}
							}
						},
						{"origin": [0.25, -0.25, -3.5], "size": [3.5, 1.4, 1.5], "uv": [89, 41]}
					]
				},
				{
					"name": "bipedRightLeg",
					"pivot": [-2, 12, 0]
				},
				{
					"name": "armorRightLeg",
					"parent": "bipedRightLeg",
					"pivot": [-2, 12, 0],
					"cubes": [
						{
							"origin": [-4.4, 1.75, -2.4],
							"size": [4.7, 10.5, 4.65],
							"uv": {
								"north": {"uv": [83, 51], "uv_size": [4, 10]},
								"east": {"uv": [79, 51], "uv_size": [4, 10]},
								"south": {"uv": [91, 51], "uv_size": [4, 10]},
								"west": {"uv": [87, 51], "uv_size": [4, 10]},
								"up": {"uv": [83, 47], "uv_size": [4, 4]},
								"down": {"uv": [87, 51], "uv_size": [4, -4]}
							}
						},
						{
							"origin": [-5, 8, -0.75],
							"size": [1.25, 3, 2],
							"pivot": [-4, 9, 0.25],
							"rotation": [75, 0, 0],
							"uv": {
								"north": {"uv": [52, 88], "uv_size": [1, 3]},
								"east": {"uv": [50, 88], "uv_size": [2, 3]},
								"south": {"uv": [55, 88], "uv_size": [1, 3]},
								"west": {"uv": [53, 88], "uv_size": [2, 3]},
								"up": {"uv": [52, 86], "uv_size": [1, 2]},
								"down": {"uv": [53, 88], "uv_size": [1, -2]}
							}
						},
						{
							"origin": [-5, 4.75, -0.75],
							"size": [1.25, 3, 2],
							"pivot": [-4, 5.75, 0.25],
							"rotation": [75, 0, 0],
							"uv": {
								"north": {"uv": [58, 88], "uv_size": [1, 3]},
								"east": {"uv": [56, 88], "uv_size": [2, 3]},
								"south": {"uv": [61, 88], "uv_size": [1, 3]},
								"west": {"uv": [59, 88], "uv_size": [2, 3]},
								"up": {"uv": [58, 86], "uv_size": [1, 2]},
								"down": {"uv": [59, 88], "uv_size": [1, -2]}
							}
						}
					]
				},
				{
					"name": "armorRightBoot",
					"parent": "bipedRightLeg",
					"pivot": [-2, 12, 0],
					"cubes": [
						{
							"origin": [-4.5, -0.35, -2.45],
							"size": [5, 4.25, 4.8],
							"uv": {
								"north": {"uv": [36, 85], "uv_size": [4, 4]},
								"east": {"uv": [32, 85], "uv_size": [4, 4]},
								"south": {"uv": [44, 85], "uv_size": [4, 4]},
								"west": {"uv": [40, 85], "uv_size": [4, 4]},
								"up": {"uv": [36, 81], "uv_size": [4, 4]},
								"down": {"uv": [40, 85], "uv_size": [4, -4]}
							}
						},
						{"origin": [-3.75, -0.25, -3.5], "size": [3.5, 1.4, 1.5], "uv": [89, 36]}
					]
				}
			]
		}
	]
}