{
	"format_version": "1.12.0",
	"minecraft:geometry": [
		{
			"description": {
				"identifier": "geometry.unknown",
				"texture_width": 128,
				"texture_height": 128,
				"visible_bounds_width": 4,
				"visible_bounds_height": 4,
				"visible_bounds_offset": [0, 1, 0]
			},
			"bones": [
				{
					"name": "bipedHead",
					"pivot": [0, 24, 0]
				},
				{
					"name": "armorHead",
					"parent": "bipedHead",
					"pivot": [0, 24, 0],
					"cubes": [
						{
							"origin": [-5.25, 24.4, -4.05],
							"size": [10.5, 7.75, 0],
							"inflate": 1,
							"uv": {
								"north": {"uv": [83, 10], "uv_size": [10, 8]},
								"down": {"uv": [83, 19], "uv_size": [10, -1]}
							}
						}
					]
				},
				{
					"name": "dyeHead",
					"parent": "armorHead",
					"pivot": [0, 0, 0],
					"cubes": [
						{"origin": [-4, 24.25, -4], "size": [8, 8, 8], "inflate": 1, "uv": [0, 0]},
						{
							"origin": [-2, 33.25, -3.9],
							"size": [4, 0, 7.8],
							"inflate": 1,
							"uv": {
								"north": {"uv": [10, 8], "uv_size": [4, 1]},
								"east": {"uv": [0, 8], "uv_size": [8, 1]},
								"south": {"uv": [21, 8], "uv_size": [4, 1]},
								"west": {"uv": [16, 8], "uv_size": [8, 1]},
								"up": {"uv": [10, 1], "uv_size": [4, 7]},
								"down": {"uv": [25, 6], "uv_size": [4, -4]}
							}
						},
						{
							"origin": [-5.2, 24.55, -4],
							"size": [10.4, 1.45, 8.1],
							"inflate": 1,
							"uv": {
								"north": {"uv": [8, 24], "uv_size": [10, 1]},
								"east": {"uv": [0, 24], "uv_size": [8, 2]},
								"south": {"uv": [26, 24], "uv_size": [10, 2]},
								"west": {"uv": [18, 24], "uv_size": [8, 2]},
								"up": {"uv": [8, 16], "uv_size": [10, 8]},
								"down": {"uv": [18, 24], "uv_size": [10, -8]}
							}
						}
					]
				},
				{
					"name": "dyeHood",
					"parent": "armorHead",
					"pivot": [4, 33, 5],
					"rotation": [-22.5, 0, 0],
					"cubes": [
						{"origin": [-3.75, 29.5, 5.5], "size": [7.5, 3, 3], "inflate": 0.49, "uv": [64, 42]},
						{"origin": [-2.75, 30.5, 8.25], "size": [5.5, 2, 3], "inflate": 0.49, "pivot": [0, 31.5, 8], "rotation": [-45, 0, 0], "uv": [68, 16]}
					]
				},
				{
					"name": "bipedBody",
					"pivot": [0, 24, 0]
				},
				{
					"name": "armorBody",
					"parent": "bipedBody",
					"pivot": [0, 24, 0],
					"cubes": [
						{"origin": [-4.6, 12.5, -2.8], "size": [9.2, 2, 5.5], "inflate": 0.3, "uv": [36, 22]},
						{
							"origin": [-4.5, 10.5, -4.1],
							"size": [4, 4, 1],
							"inflate": 0.3,
							"uv": {
								"north": {"uv": [44, 32], "uv_size": [4, 4]},
								"east": {"uv": [51, 29], "uv_size": [1, 4]},
								"south": {"uv": [44, 31], "uv_size": [4, 0]},
								"west": {"uv": [51, 29], "uv_size": [1, 4]},
								"up": {"uv": [43, 27], "uv_size": [4, 1]},
								"down": {"uv": [44, 29], "uv_size": [4, -1]}
							}
						},
						{"origin": [-7, 18, -2.75], "size": [12.7, 1, 5.4], "inflate": 0.3, "pivot": [0, 18.5, 0], "rotation": [0, 0, 45], "uv": [0, 26]},
						{"origin": [-7.22552, 17.30052, 3.35], "size": [13.85, 3, 3], "inflate": 0.3, "pivot": [-0.30052, 18.80052, 4.85], "rotation": [0, 0, 20], "uv": [36, 16]},
						{"origin": [-2.22552, 20.80052, 3.85], "size": [5.85, 1, 1], "inflate": 0.3, "pivot": [0.69948, 21.30052, 4.35], "rotation": [0, 0, 20], "uv": [83, 20]},
						{"origin": [-3.22552, 18.80052, 7], "size": [5.85, 1, 1], "inflate": 0.3, "pivot": [-0.30052, 19.30052, 7.5], "rotation": [-90, 0, 5], "uv": [83, 20]},
						{"origin": [-2.97552, 13.05052, 3.35], "size": [5.85, 1, 1], "inflate": 0.3, "pivot": [-0.05052, 13.55052, 3.85], "rotation": [-90, 0, -17.5], "uv": [83, 20]},
						{
							"origin": [-4, 14, -2.1],
							"size": [8, 10.1, 4.1],
							"inflate": 0.55,
							"uv": {
								"north": {"uv": [98, 53], "uv_size": [8, 10]},
								"up": {"uv": [98, 63], "uv_size": [8, 4]}
							}
						}
					]
				},
				{
					"name": "staff",
					"parent": "armorBody",
					"pivot": [-0.3, 18.8, 4.25],
					"cubes": [
						{
							"origin": [-0.68, 4.36, 4.44],
							"size": [0.76, 24.32, 0.76],
							"pivot": [-0.3, 18.8, 4.25],
							"rotation": [0, 0, -77.5],
							"uv": {
								"north": {"uv": [62, 77], "uv_size": [0.76, 24.32]},
								"east": {"uv": [63, 77], "uv_size": [0.76, 24.32]},
								"south": {"uv": [60, 77], "uv_size": [0.76, 24.32]},
								"west": {"uv": [61, 77], "uv_size": [0.76, 24.32]},
								"up": {"uv": [0, 0], "uv_size": [4, 4]},
								"down": {"uv": [29, 85], "uv_size": [1, -1]}
							}
						},
						{
							"origin": [-0.81, 5.88, 4.06],
							"size": [1.52, 0.76, 1.52],
							"pivot": [-0.05, 18.8, 4.25],
							"rotation": [0, 0, -77.5],
							"uv": {
								"north": {"uv": [29, 83], "uv_size": [1.52, 0.76]},
								"east": {"uv": [29, 83], "uv_size": [1.52, 0.76]},
								"south": {"uv": [32.52, 83], "uv_size": [-1.52, 0.76]},
								"west": {"uv": [29, 83], "uv_size": [1.52, 0.76]},
								"up": {"uv": [29, 84], "uv_size": [1.52, 1.52]},
								"down": {"uv": [31, 85.52], "uv_size": [1.52, -1.52]}
							}
						},
						{
							"origin": [-1.06, 24.88, 4.06],
							"size": [1.52, 0.76, 1.52],
							"pivot": [-0.3, 18.8, 4.25],
							"rotation": [0, 0, -77.5],
							"uv": {
								"north": {"uv": [29, 83], "uv_size": [1.52, 0.76]},
								"east": {"uv": [29, 83], "uv_size": [1.52, 0.76]},
								"south": {"uv": [32.52, 83], "uv_size": [-1.52, 0.76]},
								"west": {"uv": [29, 83], "uv_size": [1.52, 0.76]},
								"up": {"uv": [29, 84], "uv_size": [1.52, 1.52]},
								"down": {"uv": [31, 85.52], "uv_size": [1.52, -1.52]}
							}
						},
						{
							"origin": [-2.58, 25.64, 4.82],
							"size": [4.56, 6.84, 0],
							"pivot": [-0.3, 18.8, 4.25],
							"rotation": [0, 0, -77.5],
							"uv": {
								"north": {"uv": [38, 76], "uv_size": [4.56, 6.84]}
							}
						},
						{
							"origin": [-0.08187, 22.6, 2.49661],
							"size": [0, 6.84, 4.56],
							"pivot": [-0.3, 18.8, 4.25],
							"rotation": [0, -22.5, -77.5],
							"uv": {
								"west": {"uv": [47.56, 76], "uv_size": [-4.56, 6.84]}
							}
						},
						{
							"origin": [-0.70305, 27.92, 3.13305],
							"size": [0, 6.84, 3.04],
							"pivot": [-0.3, 18.8, 4.25],
							"rotation": [0, 45, -77.5],
							"uv": {
								"east": {"uv": [46, 112], "uv_size": [-16, 0]},
								"west": {"uv": [33, 82], "uv_size": [3.04, 6.84]}
							}
						},
						{
							"origin": [-0.3, 27.16, 1.02],
							"size": [0, 5.32, 5.32],
							"pivot": [-0.3, 18.8, 4.25],
							"rotation": [0, 0, -77.5],
							"uv": {
								"west": {"uv": [37.32, 76], "uv_size": [-5.32, 5.32]}
							}
						}
					]
				},
				{
					"name": "dyeBody",
					"parent": "armorBody",
					"pivot": [3, 12, -1],
					"cubes": [
						{"origin": [-4, 14, -2], "size": [8, 10, 4], "inflate": 0.55, "uv": [24, 32]}
					]
				},
				{
					"name": "armorLeggingTorsoLayer",
					"parent": "bipedBody",
					"pivot": [0, 24, 0]
				},
				{
					"name": "dyeArmorLeggingTorsoLayer",
					"parent": "armorLeggingTorsoLayer",
					"pivot": [0, 0, 0]
				},
				{
					"name": "bipedRightArm",
					"pivot": [-5, 22, 0]
				},
				{
					"name": "armorRightArm",
					"parent": "bipedRightArm",
					"pivot": [-5, 22, 0],
					"cubes": [
						{"origin": [-8.75, 19, -3], "size": [5, 1.1, 6], "inflate": 0.5, "uv": [87, 25]},
						{"origin": [-8.05, 12, -2.15], "size": [4.1, 1, 4.4], "inflate": 0.5, "uv": [77, 22]},
						{"origin": [-8, 12, -1], "size": [4, 5, 5.1], "inflate": 0.5, "pivot": [-6, 14.5, 1.5], "rotation": [30, 0, 0], "uv": [89, 42]}
					]
				},
				{
					"name": "dyeRightArm",
					"parent": "armorRightArm",
					"pivot": [0, 0, 0],
					"cubes": [
						{"origin": [-7.9, 12, -1], "size": [3.8, 5, 5], "inflate": 0.5, "pivot": [-6, 14.5, 1.5], "rotation": [30, 0, 0], "uv": [64, 58]},
						{"origin": [-8.5, 19, -2.75], "size": [4.5, 5.1, 5.5], "inflate": 0.5, "uv": [64, 32]},
						{"origin": [-8, 12, -2], "size": [4, 12, 4], "inflate": 0.5, "uv": [48, 29]}
					]
				},
				{
					"name": "bipedLeftArm",
					"pivot": [5, 22, 0]
				},
				{
					"name": "armorLeftArm",
					"parent": "bipedLeftArm",
					"pivot": [5, 22, 0],
					"cubes": [
						{"origin": [3.75, 19, -3], "size": [5, 1.1, 6], "inflate": 0.5, "uv": [89, 18]},
						{"origin": [4, 12, -1], "size": [4, 5, 5.1], "inflate": 0.5, "pivot": [6, 14.5, 1.5], "rotation": [30, 0, 0], "uv": [89, 32]},
						{"origin": [3.95, 12, -2.15], "size": [4.1, 1, 4.4], "inflate": 0.5, "uv": [78, 32]}
					]
				},
				{
					"name": "dyeLeftArm",
					"parent": "armorLeftArm",
					"pivot": [0, 0, 0],
					"cubes": [
						{"origin": [4.1, 12, -1], "size": [3.8, 5, 5], "inflate": 0.5, "pivot": [6, 14.5, 1.5], "rotation": [30, 0, 0], "uv": [64, 48]},
						{"origin": [4, 19, -2.75], "size": [4.5, 5.1, 5.5], "inflate": 0.5, "uv": [64, 22]},
						{"origin": [4, 12, -2], "size": [4, 12, 4], "inflate": 0.5, "uv": [16, 63]}
					]
				},
				{
					"name": "bipedLeftLeg",
					"pivot": [2, 12, 0]
				},
				{
					"name": "armorLeftLeg",
					"parent": "bipedLeftLeg",
					"pivot": [2, 12, 0],
					"cubes": [
						{"origin": [0, 3, -2], "size": [4, 9, 4], "inflate": 0.1, "uv": [32, 63]},
						{
							"origin": [-0.85, 1.75, -2.65],
							"size": [5.25, 12, 5.4],
							"inflate": 0.25,
							"pivot": [0.15, 13.75, -0.5],
							"rotation": [0, 0, -5],
							"uv": {
								"north": {"uv": [81, 49], "uv_size": [5, 12]},
								"south": {"uv": [92, 53], "uv_size": [5, 12]},
								"west": {"uv": [87, 53], "uv_size": [5, 12]}
							}
						}
					]
				},
				{
					"name": "dyeLeftLeg",
					"parent": "armorLeftLeg",
					"pivot": [0, 0, 0],
					"cubes": [
						{"origin": [-0.75, 1.75, -2.5], "size": [5, 12, 4.95], "inflate": 0.25, "pivot": [0.25, 13.75, -0.5], "rotation": [0, 0, -5], "uv": [25, 47]}
					]
				},
				{
					"name": "armorLeftBoot",
					"parent": "bipedLeftLeg",
					"pivot": [2, 12, 0],
					"cubes": [
						{"origin": [0, 0, -2], "size": [4, 3, 4], "inflate": 0.6, "uv": [64, 68]},
						{
							"origin": [0.55, 0, -3],
							"size": [3, 0.25, 0],
							"inflate": 0.6,
							"uv": {
								"north": {"uv": [83, 8], "uv_size": [3, 1]},
								"east": {"uv": [86, 8], "uv_size": [1, 1]},
								"south": {"uv": [80, 16], "uv_size": [3, 0]},
								"west": {"uv": [86, 8], "uv_size": [1, 1]},
								"up": {"uv": [83, 10], "uv_size": [3, -1]},
								"down": {"uv": [86, 9], "uv_size": [3, 1]}
							}
						}
					]
				},
				{
					"name": "bipedRightLeg",
					"pivot": [-2, 12, 0]
				},
				{
					"name": "armorRightLeg",
					"parent": "bipedRightLeg",
					"pivot": [-2, 12, 0],
					"cubes": [
						{"origin": [-4, 3, -2], "size": [4, 9, 4], "inflate": 0.1, "uv": [48, 63]},
						{
							"origin": [-4.4, 1.75, -2.65],
							"size": [5.25, 12, 5.4],
							"inflate": 0.245,
							"pivot": [-0.15, 13.75, -0.5],
							"rotation": [0, 0, 5],
							"uv": {
								"north": {"uv": [86, 49], "uv_size": [-5, 12]},
								"east": {"uv": [87, 53], "uv_size": [5, 12]},
								"south": {"uv": [92, 53], "uv_size": [5, 12]}
							}
						}
					]
				},
				{
					"name": "dyeRightLeg",
					"parent": "armorRightLeg",
					"pivot": [-2, 12, 0],
					"cubes": [
						{"origin": [-4.3, 1.75, -2.55], "size": [5.05, 12, 5.05], "inflate": 0.245, "pivot": [-0.15, 13.75, -0.5], "rotation": [0, 0, 5], "uv": [24, 46], "mirror": true}
					]
				},
				{
					"name": "armorRightBoot",
					"parent": "bipedRightLeg",
					"pivot": [-2, 12, 0],
					"cubes": [
						{"origin": [-4, 0, -2], "size": [4, 3, 4], "inflate": 0.6, "uv": [72, 0]},
						{
							"origin": [-3.5, 0, -3],
							"size": [3, 0.25, 0],
							"inflate": 0.6,
							"uv": {
								"north": {"uv": [83, 8], "uv_size": [3, 1]},
								"east": {"uv": [86, 8], "uv_size": [1, 1]},
								"south": {"uv": [79, 11], "uv_size": [3, 0]},
								"west": {"uv": [86, 8], "uv_size": [1, 1]},
								"up": {"uv": [83, 10], "uv_size": [3, -1]},
								"down": {"uv": [86, 10], "uv_size": [3, -1]}
							}
						}
					]
				}
			],
			"item_display_transforms": {
				"thirdperson_righthand": {
					"rotation": [0, 0, 0],
					"translation": [0, 3, 1.25],
					"scale": [1, 1, 1],
					"rotation_pivot": [0, 0, 0],
					"scale_pivot": [0, 0, 0]
				},
				"thirdperson_lefthand": {
					"rotation": [0, 0, 0],
					"translation": [0, 3, 1.25],
					"scale": [1, 1, 1],
					"rotation_pivot": [0, 0, 0],
					"scale_pivot": [0, 0, 0]
				},
				"firstperson_righthand": {
					"rotation": [0, 0, 0],
					"translation": [1.5, 0, -2.75],
					"scale": [1, 1, 1],
					"rotation_pivot": [0, 0, 0],
					"scale_pivot": [0, 0, 0]
				},
				"firstperson_lefthand": {
					"rotation": [0, 0, 0],
					"translation": [1.5, 0, -2.75],
					"scale": [1, 1, 1],
					"rotation_pivot": [0, 0, 0],
					"scale_pivot": [0, 0, 0]
				},
				"ground": {
					"rotation": [0, 0, 0],
					"translation": [0, 9.5, 0],
					"scale": [0.5, 0.5, 0.5],
					"rotation_pivot": [0, 0, 0],
					"scale_pivot": [0, 0, 0]
				},
				"gui": {
					"rotation": [-13, 128, 65],
					"translation": [0.75, 0.5, 0],
					"scale": [0.75, 0.75, 0.75],
					"rotation_pivot": [0, 0, 0],
					"scale_pivot": [0, 0, 0],
					"fit_to_frame": false
				},
				"fixed": {
					"rotation": [0, 0, 0],
					"translation": [0, 1.75, -0.75],
					"scale": [0.55, 0.55, 0.55],
					"rotation_pivot": [0, 0, 0],
					"scale_pivot": [0, 0, 0]
				}
			}
		}
	]
}