{
	"format_version": "1.12.0",
	"minecraft:geometry": [
		{
			"description": {
				"identifier": "geometry.unknown",
				"texture_width": 128,
				"texture_height": 128,
				"visible_bounds_width": 3,
				"visible_bounds_height": 5.5,
				"visible_bounds_offset": [0, 2.25, 0]
			},
			"bones": [
				{
					"name": "bipedHead",
					"pivot": [0, 24, 0]
				},
				{
					"name": "armorHead",
					"parent": "bipedHead",
					"pivot": [0, 24, 0],
					"cubes": [
						{
							"origin": [-9.91124, 28.58928, -9.34215],
							"size": [5.1, 0.2, 18.2],
							"inflate": 0.001,
							"pivot": [-7.31124, 28.68928, -0.24215],
							"rotation": [-9.2525, -3.8102, -22.1916],
							"uv": {
								"north": {"uv": [64, 102], "uv_size": [5, 1]},
								"east": {"uv": [64, 102], "uv_size": [18, 1]},
								"south": {"uv": [64, 102], "uv_size": [5, 1]},
								"up": {"uv": [54, 106], "uv_size": [5, 18]},
								"down": {"uv": [59, 124], "uv_size": [5, -18]}
							}
						},
						{
							"origin": [-5, 29.99512, -14.47223],
							"size": [10, 0.2, 18.2],
							"inflate": 0.001,
							"pivot": [0, -0.40488, -5.37223],
							"rotation": [-10, 0, 0],
							"uv": {
								"north": {"uv": [44, 96], "uv_size": [10, 1]},
								"east": {"uv": [6, 119], "uv_size": [18, 1]},
								"south": {"uv": [44, 96], "uv_size": [10, 1]},
								"west": {"uv": [6, 119], "uv_size": [18, 1]},
								"up": {"uv": [34, 96], "uv_size": [10, 18]},
								"down": {"uv": [44, 114], "uv_size": [10, -18]}
							}
						},
						{
							"origin": [4.81124, 28.58928, -9.34215],
							"size": [5.1, 0.2, 18.2],
							"inflate": 0.001,
							"pivot": [7.31124, 28.68928, -0.24215],
							"rotation": [-9.2525, 3.8102, 22.1916],
							"uv": {
								"north": {"uv": [80, 112], "uv_size": [5, 1]},
								"south": {"uv": [80, 112], "uv_size": [5, 1]},
								"west": {"uv": [80, 112], "uv_size": [18, 1]},
								"up": {"uv": [64, 110], "uv_size": [5, 18]},
								"down": {"uv": [69, 128], "uv_size": [5, -18]}
							}
						}
					]
				},
				{
					"name": "dye",
					"parent": "armorHead",
					"pivot": [0, -0.40488, -5.37223],
					"cubes": [
						{
							"origin": [-5, 30.09512, -10.37223],
							"size": [10, 4, 10],
							"pivot": [0, -0.40488, -5.37223],
							"rotation": [-10, 0, 0],
							"uv": {
								"north": {"uv": [34, 124], "uv_size": [10, 4]},
								"east": {"uv": [24, 124], "uv_size": [10, 4]},
								"south": {"uv": [54, 124], "uv_size": [10, 4]},
								"west": {"uv": [44, 124], "uv_size": [10, 4]},
								"up": {"uv": [34, 114], "uv_size": [10, 10]}
							}
						},
						{"origin": [-9.81124, 28.68928, -9.24215], "size": [5, 0, 18], "inflate": 0.001, "pivot": [-7.31124, 28.68928, -0.24215], "rotation": [-9.2525, -3.8102, -22.1916], "uv": [100, 77]},
						{"origin": [-5, 30.09512, -14.37223], "size": [10, 0, 18], "inflate": 0.001, "pivot": [0, -0.40488, -5.37223], "rotation": [-10, 0, 0], "uv": [80, 85]},
						{"origin": [4.81124, 28.68928, -9.24215], "size": [5, 0, 18], "inflate": 0.001, "pivot": [7.31124, 28.68928, -0.24215], "rotation": [-9.2525, 3.8102, 22.1916], "uv": [100, 95]}
					]
				},
				{
					"name": "dyeHat2",
					"parent": "armorHead",
					"pivot": [0, 34.17876, -2.8282],
					"rotation": [-37.5, 0, 0],
					"cubes": [
						{"origin": [-3, 34.17876, -2.8282], "size": [6, 6, 7], "uv": [102, 115]}
					]
				},
				{
					"name": "dyeHat3",
					"parent": "dyeHat2",
					"pivot": [0, 40.17876, -1.3282],
					"rotation": [-22.5, 0, 0],
					"cubes": [
						{"origin": [-2.25, 39.17876, -1.8282], "size": [4.5, 7, 4.5], "uv": [86, 117]},
						{"origin": [-1.5, 46.17876, -1.3282], "size": [3, 3, 3.5], "uv": [74, 122]},
						{"origin": [-1, 48.17876, -0.5782], "size": [2, 4, 2], "pivot": [0, 49.17876, 0.6718], "rotation": [37.5, 0, 0], "uv": [82, 115]}
					]
				},
				{
					"name": "belt",
					"parent": "armorHead",
					"pivot": [0, 28.76352, 4.84808],
					"rotation": [-12.5, 0, 0],
					"cubes": [
						{"origin": [-5, 29.01352, -5.15192], "size": [10, 2.5, 10], "inflate": 0.25, "pivot": [2.91359, 30.26352, -2.90192], "rotation": [1, 0, 0], "uv": [88, 103]},
						{
							"origin": [1.74665, 28.76352, -6.01328],
							"size": [3, 3, 0],
							"inflate": 0.001,
							"pivot": [2.91359, 30.26352, -2.90192],
							"rotation": [2.16487, -62.48324, -1.92017],
							"uv": {
								"north": {"uv": [45, 121], "uv_size": [3, 2]},
								"east": {"uv": [45, 120], "uv_size": [0, 3]},
								"south": {"uv": [48, 120], "uv_size": [3, 3]},
								"west": {"uv": [48, 120], "uv_size": [0, 3]},
								"up": {"uv": [46, 118], "uv_size": [3, 0]},
								"down": {"uv": [49, 118], "uv_size": [3, 0]}
							}
						},
						{
							"origin": [6.45239, 28.77472, -2.26],
							"size": [2, 3, 0],
							"inflate": 0.001,
							"pivot": [7.95239, 30.27472, -2.26],
							"rotation": [1.04852, -17.49725, -0.31528],
							"uv": {
								"north": {"uv": [45, 121], "uv_size": [2, 2]},
								"east": {"uv": [45, 120], "uv_size": [0, 3]},
								"south": {"uv": [48, 120], "uv_size": [3, 3]},
								"west": {"uv": [48, 120], "uv_size": [0, 3]},
								"up": {"uv": [46, 118], "uv_size": [3, 0]},
								"down": {"uv": [49, 118], "uv_size": [3, 0]}
							}
						},
						{
							"origin": [1.5, 29.21352, -5.65192],
							"size": [3, 2.1, 0],
							"inflate": 0.25,
							"pivot": [2.91359, 30.26352, -2.90192],
							"rotation": [1, 0, 0],
							"uv": {
								"north": {"uv": [114, 82], "uv_size": [4, 3]},
								"east": {"uv": [115, 82], "uv_size": [-1, 3]},
								"west": {"uv": [115, 82], "uv_size": [-1, 3]},
								"up": {"uv": [114, 83], "uv_size": [4, -1]},
								"down": {"uv": [114, 85], "uv_size": [4, -1]}
							}
						}
					]
				}
			]
		}
	]
}