{
  "enabled": true,
  "group": {
    "break": {
      "sound_id": "sounds:block.glass.break"
    },
    "fall": {
      "sound_id": "minecraft:block.netherite_block.fall"
    },
    "hit": {
      "sound_id": "minecraft:block.glass.hit"
    },
    "pitch": 1.0,
    "place": {
      "sound_id": "minecraft:block.netherite_block.place"
    },
    "step": {
      "sound_id": "sounds:block.sheet_metal.step"
    },
    "volume": 1.0
  },
  "keys": [
    "createframed:brass_window",
    "createframed:brass_window_pane"
  ]
}