{
  "enabled": true,
  "group": {
    "break": { "sound_id": "sounds:block.glass.break" },
    "fall":  { "sound_id": "minecraft:block.glass.fall" },
    "hit":   { "sound_id": "minecraft:block.glass.hit" },
    "pitch": 1.0,
    "place": { "sound_id": "sounds:block.glass.place" },
    "step":  { "sound_id": "sounds:block.glass.step" },
    "volume": 1.0
  },
  "keys": [
    "createframed:light_blue_stained_framed_glass",
    "createframed:horizontal_light_blue_stained_framed_glass",
    "createframed:light_blue_stained_tiled_glass",
    "createframed:light_blue_stained_framed_glass_door",
    "createframed:light_blue_stained_tiled_glass_pane",
    "createframed:light_blue_stained_framed_glass_pane",
    "createframed:horizontal_light_blue_stained_framed_glass_pane",
    "createframed:vertical_light_blue_stained_framed_glass",
    "createframed:vertical_light_blue_stained_framed_glass_pane",
    "createframed:light_blue_stained_framed_glass_trapdoor"
  ]
}
