{
  "enabled": true,
  "group": {
    "break": {
      "sound_id": "sounds:block.glass.break"
    },
    "fall": {
      "sound_id": "minecraft:block.glass.fall"
    },
    "hit": {
      "sound_id": "minecraft:block.glass.hit"
    },
    "pitch": 1.0,
    "place": {
      "sound_id": "sounds:block.glass.place"
    },
    "step": {
      "sound_id": "sounds:block.glass.step"
    },
    "volume": 1.0
  },
  "keys": [
    "createframed:red_stained_framed_glass",
    "createframed:horizontal_red_stained_framed_glass",
    "createframed:red_stained_tiled_glass",
    "createframed:red_stained_framed_glass_door",
    "createframed:red_stained_tiled_glass_pane",
    "createframed:red_stained_framed_glass_pane",
    "createframed:horizontal_red_stained_framed_glass_pane",
    "createframed:vertical_red_stained_framed_glass",
    "createframed:vertical_red_stained_framed_glass_pane",
    "createframed:red_stained_framed_glass_trapdoor"
  ]
}