{
    "parent": "block/cube",
    "render_type": "cutout",
    "textures": {
        "particle": "#case",
        "screen": "computercraft:block/monitor_screen",
	"case": "computercraft:block/mv_case",
	"overlay": "computercraft:block/monitor_normal_front",
	"case_pattern": "computercraft:block/mv_case_pattern"
    },
    "elements": [
		{
			"from": [0, 0, 0.1],
			"to": [16, 16, 16],
			"faces": {
				"north": {"uv": [0, 0, 16, 16], "texture": "#case"},
				"east": {"uv": [0, 0, 16, 16], "texture": "#case"},
				"south": {"uv": [0, 0, 16, 16], "texture": "#case_pattern"},
				"west": {"uv": [16, 0, 0, 16], "texture": "#case"},
				"up": {"uv": [0, 0, 16, 16], "texture": "#case"},
				"down": {"uv": [16, 0, 0, 16], "texture": "#case"}
			}
		},
		
		{
			"from": [0, 0, 0.05],
			"to": [16, 16, 16],
			"faces": {
		"north": {"uv": [0, 0, 16, 16], "texture": "#overlay"}
				}
		}
	]
}
