{
    "parent": "block/cube_all",

    "render_type": "cutout",
    "textures": {
	"light": "computercraft:block/blank",
        "modem": "computercraft:block/wired_modem_face",
	"case": "computercraft:block/mv_case",
	"particle": "computercraft:block/mv_case"
    },
    "elements": [
    {
	    "from": [0, 0, 0],
	    "to": [16, 16, 16],
	    "faces": {
		    "north": {"uv": [0, 0, 16, 16], "texture": "#case"},
		    "east": {"uv": [0, 0, 16, 16], "texture": "#case"},
		    "south": {"uv": [0, 0, 16, 16], "texture": "#case"},
		    "west": {"uv": [16, 0, 0, 16], "texture": "#case"},
		    "up": {"uv": [0, 0, 16, 16],"texture": "#case"},
		    "down": {"uv": [16, 0, 0, 16], "texture": "#case"}
	    }
    },
	    {
	    "from": [-0.01, -0.01, -0.01],
	    "to": [16.01, 16.01, 16.01],
	    "faces": {
		    "north": {"uv": [0, 0, 16, 16], "texture": "#modem"},
		    "east": {"uv": [0, 0, 16, 16], "texture": "#modem"},
		    "south": {"uv": [0, 0, 16, 16], "texture": "#modem"},
		    "west": {"uv": [16, 0, 0, 16], "texture": "#modem"},
		    "up": {"uv": [0, 0, 16, 16], "texture": "#modem"},
		    "down": {"uv": [16, 0, 0, 16], "texture": "#modem"}
	    }

    }
    ]
}
