{
	"credit": "Made by TC",
	"parent": "minecraft:block/block",
	"ambientocclusion": false,
	"textures": {
		"0": "aquaculture:item/acacia_fish_mount",
		"particle": "aquaculture:item/acacia_fish_mount"
	},
	"elements": [
		{
			"from": [2, 4, 14],
			"to": [14, 12, 16],
			"rotation": {"angle": 0, "axis": "z", "origin": [2, 0, 16]},
			"faces": {
				"north": {"uv": [1, 3, 15, 14], "texture": "#0"},
				"east": {"uv": [0, 4, 2, 12], "texture": "#0"},
				"south": {"uv": [1, 3, 15, 14], "texture": "#0"},
				"west": {"uv": [14, 3, 16, 11], "texture": "#0"},
				"up": {"uv": [14, 4, 2, 2], "texture": "#0"},
				"down": {"uv": [14, 15, 2, 13], "texture": "#0"}
			}
		}
	]
}