{
	"credit": "Made by TC",
	"parent": "minecraft:block/block",
	"ambientocclusion": false,
	"elements": [
		{
			"from": [2, 4, 14],
			"to": [14, 12, 16],
			"rotation": {"angle": 0, "axis": "z", "origin": [2, 0, 16]},
			"faces": {
				"north": {"uv": [1, 3, 15, 14], "texture": "#missing"},
				"east": {"uv": [1, 3, 2, 14], "texture": "#missing"},
				"south": {"uv": [1, 3, 15, 14], "texture": "#missing"},
				"west": {"uv": [14, 3, 15, 14], "texture": "#missing"},
				"up": {"uv": [15, 4, 1, 3], "texture": "#missing"},
				"down": {"uv": [15, 14, 1, 13], "texture": "#missing"}
			}
		}
	]
}