{
  "enabled": true,
  "group": {
    "break": {
      "sound_id": "minecraft:block.wood.break"
    },
    "fall": {
      "sound_id": "minecraft:block.wood.fall"
    },
    "hit": {
      "sound_id": "minecraft:block.wood.hit"
    },
    "pitch": 1.0,
    "place": {
      "sound_id": "minecraft:block.wood.place"
    },
    "step": {
      "sound_id": "minecraft:block.wood.step"
    },
    "volume": 1.0
  },
  "keys": [
    "create_extra_casing:rgb_brass_casing",
	"create_extra_casing:black_brass_casing",
	"create_extra_casing:blue_brass_casing",
	"create_extra_casing:brown_brass_casing",
	"create_extra_casing:cyan_brass_casing",
	"create_extra_casing:gray_brass_casing",
	"create_extra_casing:green_brass_casing",
	"create_extra_casing:light_blue_brass_casing",
	"create_extra_casing:light_gray_brass_casing",
	"create_extra_casing:lime_brass_casing",
	"create_extra_casing:magenta_brass_casing",
	"create_extra_casing:orange_brass_casing",
	"create_extra_casing:pink_brass_casing",
	"create_extra_casing:purple_brass_casing",
	"create_extra_casing:red_brass_casing",
	"create_extra_casing:white_brass_casing",
	"create_extra_casing:yellow_brass_casing"
  ]
}