{
  "enabled": true,
  "group": {
    "break": {
      "sound_id": "sounds:block.acacia_planks.break"
    },
    "fall": {
      "sound_id": "sounds:block.acacia_planks.fall"
    },
    "hit": {
      "sound_id": "sounds:block.acacia_planks.hit"
    },
    "pitch": 1.0,
    "place": {
      "sound_id": "sounds:block.acacia_planks.place"
    },
    "step": {
      "sound_id": "sounds:block.acacia_planks.step"
    },
    "volume": 1.0
  },
  "keys": [
    "create_extra_casing:rgb_copper_casing",
	"create_extra_casing:black_copper_casing",
	"create_extra_casing:blue_copper_casing",
	"create_extra_casing:brown_copper_casing",
	"create_extra_casing:cyan_copper_casing",
	"create_extra_casing:gray_copper_casing",
	"create_extra_casing:green_copper_casing",
	"create_extra_casing:light_blue_copper_casing",
	"create_extra_casing:light_gray_copper_casing",
	"create_extra_casing:lime_copper_casing",
	"create_extra_casing:magenta_copper_casing",
	"create_extra_casing:orange_copper_casing",
	"create_extra_casing:pink_copper_casing",
	"create_extra_casing:purple_copper_casing",
	"create_extra_casing:red_copper_casing",
	"create_extra_casing:white_copper_casing",
	"create_extra_casing:yellow_copper_casing"
  ]
}