{
  "enabled": true,
  "group": {
    "break": {
      "sound_id": "sounds:block.spruce_planks.break"
    },
    "fall": {
      "sound_id": "sounds:block.spruce_planks.fall"
    },
    "hit": {
      "sound_id": "sounds:block.spruce_planks.hit"
    },
    "pitch": 1.0,
    "place": {
      "sound_id": "sounds:block.spruce_planks.place"
    },
    "step": {
      "sound_id": "sounds:block.spruce_planks.step"
    },
    "volume": 1.0
  },
  "keys": [
    "create_extra_casing:rgb_casing",
	"create_extra_casing:black_casing",
	"create_extra_casing:blue_casing",
	"create_extra_casing:brown_casing",
	"create_extra_casing:cyan_casing",
	"create_extra_casing:gray_casing",
	"create_extra_casing:green_casing",
	"create_extra_casing:light_blue_casing",
	"create_extra_casing:light_gray_casing",
	"create_extra_casing:lime_casing",
	"create_extra_casing:magenta_casing",
	"create_extra_casing:orange_casing",
	"create_extra_casing:pink_casing",
	"create_extra_casing:purple_casing",
	"create_extra_casing:red_casing",
	"create_extra_casing:white_casing",
	"create_extra_casing:yellow_casing"
  ]
}