{
	"format_version": "1.12.0",
	"minecraft:geometry": [
		{
			"description": {
				"identifier": "geometry.unknown",
				"texture_width": 64,
				"texture_height": 64,
				"visible_bounds_width": 5,
				"visible_bounds_height": 5.5,
				"visible_bounds_offset": [0, 2.25, 0]
			},
			"bones": [
				{
					"name": "body",
					"pivot": [0, 12, 0]
				},
				{
					"name": "torso",
					"parent": "body",
					"pivot": [0, 24, 0],
					"cubes": [
						{
							"origin": [-4, 12, -2],
							"size": [8, 12, 4],
							"inflate": 0.25,
							"uv": {
								"north": {"uv": [6, 44], "uv_size": [8, 12]},
								"east": {"uv": [2, 44], "uv_size": [4, 12]},
								"south": {"uv": [20, 44], "uv_size": [8, 12]},
								"west": {"uv": [14, 44], "uv_size": [4, 12]},
								"up": {"uv": [6, 40], "uv_size": [8, 4]},
								"down": {"uv": [20, 44], "uv_size": [8, -4]}
							}
						},
						{
							"origin": [-4, 12, -2],
							"size": [8, 12, 4],
							"uv": {
								"north": {"uv": [22, 26], "uv_size": [8, 12]},
								"east": {"uv": [18, 26], "uv_size": [4, 12]},
								"south": {"uv": [36, 26], "uv_size": [8, 12]},
								"west": {"uv": [30, 26], "uv_size": [4, 12]},
								"up": {"uv": [22, 22], "uv_size": [8, 4]},
								"down": {"uv": [30, 26], "uv_size": [8, -4]}
							}
						}
					]
				},
				{
					"name": "armorBipedBody",
					"parent": "torso",
					"pivot": [0, 24, 0],
					"cubes": [
						{
							"origin": [-4, 12, -2],
							"size": [8, 12, 4],
							"inflate": 1,
							"uv": {}
						}
					]
				},
				{
					"name": "head",
					"parent": "body",
					"pivot": [0, 24, 0],
					"cubes": [
						{"origin": [-4, 24, -4], "size": [8, 10, 8], "uv": [0, 0]},
						{"origin": [-4, 24, -4], "size": [8, 10, 8], "inflate": 0.25, "uv": [32, 0]},
						{"origin": [-1, 23, -6], "size": [2, 4, 2], "uv": [24, 0]}
					]
				},
				{
					"name": "armorBipedHead",
					"parent": "head",
					"pivot": [0, 24, 0],
					"cubes": [
						{
							"origin": [-4, 22, -4],
							"size": [8, 8, 8],
							"inflate": 1,
							"uv": {}
						}
					]
				},
				{
					"name": "right_leg",
					"parent": "body",
					"pivot": [-2, 12, 0],
					"cubes": [
						{"origin": [-4, 0, -2], "size": [4, 12, 4], "uv": [0, 22]}
					]
				},
				{
					"name": "armorBipedRightFoot2",
					"parent": "right_leg",
					"pivot": [-2, 12, 0],
					"cubes": [
						{
							"origin": [-4, 0, -2],
							"size": [4, 12, 4],
							"inflate": 1,
							"uv": {}
						}
					]
				},
				{
					"name": "armorBipedRightLeg2",
					"parent": "right_leg",
					"pivot": [-2, 12, 0],
					"cubes": [
						{
							"origin": [-4, 0, -2],
							"size": [4, 12, 4],
							"inflate": 0.5,
							"uv": {}
						}
					]
				},
				{
					"name": "armorBipedRightLeg",
					"parent": "right_leg",
					"pivot": [-2, 12, 0],
					"cubes": [
						{
							"origin": [-4, 0, -2],
							"size": [4, 12, 4],
							"inflate": 0.5,
							"uv": {}
						}
					]
				},
				{
					"name": "armorBipedRightFoot",
					"parent": "right_leg",
					"pivot": [-2, 12, 0],
					"cubes": [
						{
							"origin": [-4, 0, -2],
							"size": [4, 12, 4],
							"inflate": 1,
							"uv": {}
						}
					]
				},
				{
					"name": "left_leg",
					"parent": "body",
					"pivot": [2, 12, 0],
					"cubes": [
						{"origin": [0, 0, -2], "size": [4, 12, 4], "uv": [0, 22]}
					]
				},
				{
					"name": "armorBipedLeftFoot2",
					"parent": "left_leg",
					"pivot": [2, 12, 0],
					"cubes": [
						{
							"origin": [0, 0, -2],
							"size": [4, 12, 4],
							"inflate": 1,
							"uv": {}
						}
					]
				},
				{
					"name": "armorBipedLeftLeg2",
					"parent": "left_leg",
					"pivot": [2, 12, 0],
					"cubes": [
						{
							"origin": [0, 0, -2],
							"size": [4, 12, 4],
							"inflate": 0.5,
							"uv": {}
						}
					]
				},
				{
					"name": "armorBipedLeftLeg",
					"parent": "left_leg",
					"pivot": [2, 12, 0],
					"cubes": [
						{
							"origin": [0, 0, -2],
							"size": [4, 12, 4],
							"inflate": 0.5,
							"uv": {}
						}
					]
				},
				{
					"name": "armorBipedLeftFoot",
					"parent": "left_leg",
					"pivot": [2, 12, 0],
					"cubes": [
						{
							"origin": [0, 0, -2],
							"size": [4, 12, 4],
							"inflate": 1,
							"uv": {}
						}
					]
				},
				{
					"name": "right_arm",
					"parent": "body",
					"pivot": [-5, 22, 0],
					"cubes": [
						{"origin": [-8, 12, -2], "size": [4, 12, 4], "uv": [40, 46]}
					]
				},
				{
					"name": "armorBipedRightArm",
					"parent": "right_arm",
					"pivot": [-5, 22, 0],
					"cubes": [
						{
							"origin": [-8, 12, -2],
							"size": [4, 12, 4],
							"inflate": 1,
							"uv": {}
						}
					]
				},
				{
					"name": "bipedHandRight",
					"parent": "right_arm",
					"pivot": [-6, 13, 0],
					"cubes": [
						{
							"origin": [-6, 13, 0],
							"size": [0, 0, 0],
							"uv": {
								"north": {"uv": [0, 0], "uv_size": [0, 0]},
								"east": {"uv": [0, 0], "uv_size": [0, 0]},
								"south": {"uv": [0, 0], "uv_size": [0, 0]},
								"west": {"uv": [0, 0], "uv_size": [0, 0]},
								"up": {"uv": [0, 0], "uv_size": [0, 0]},
								"down": {"uv": [0, 0], "uv_size": [0, 0]}
							}
						}
					]
				},
				{
					"name": "rightItem",
					"parent": "right_arm",
					"pivot": [-6, 13, 0],
					"rotation": [-90, 0, 0],
					"cubes": [
						{
							"origin": [-6, 13, 0],
							"size": [0, 0, 0],
							"pivot": [-6, 13, 0],
							"rotation": [-90, 0, 0],
							"uv": {
								"north": {"uv": [0, 0], "uv_size": [0, 0]},
								"east": {"uv": [0, 0], "uv_size": [0, 0]},
								"south": {"uv": [0, 0], "uv_size": [0, 0]},
								"west": {"uv": [0, 0], "uv_size": [0, 0]},
								"up": {"uv": [0, 0], "uv_size": [0, 0]},
								"down": {"uv": [0, 0], "uv_size": [0, 0]}
							}
						}
					]
				},
				{
					"name": "left_arm",
					"parent": "body",
					"pivot": [5, 22, 0],
					"cubes": [
						{"origin": [4, 12, -2], "size": [4, 12, 4], "uv": [40, 46]}
					]
				},
				{
					"name": "armorBipedLeftArm",
					"parent": "left_arm",
					"pivot": [5, 22, 0],
					"cubes": [
						{
							"origin": [4, 12, -2],
							"size": [4, 12, 4],
							"inflate": 1,
							"uv": {}
						}
					]
				},
				{
					"name": "bipedHandLeft",
					"parent": "left_arm",
					"pivot": [6, 12, -1],
					"cubes": [
						{
							"origin": [6, 13, 0],
							"size": [0, 0, 0],
							"uv": {
								"north": {"uv": [0, 0], "uv_size": [0, 0]},
								"east": {"uv": [0, 0], "uv_size": [0, 0]},
								"south": {"uv": [0, 0], "uv_size": [0, 0]},
								"west": {"uv": [0, 0], "uv_size": [0, 0]},
								"up": {"uv": [0, 0], "uv_size": [0, 0]},
								"down": {"uv": [0, 0], "uv_size": [0, 0]}
							}
						}
					]
				},
				{
					"name": "leftItem",
					"parent": "bipedHandLeft",
					"pivot": [6, 12, 0],
					"cubes": [
						{
							"origin": [6, 13, 0],
							"size": [0, 0, 0],
							"uv": {
								"north": {"uv": [0, 0], "uv_size": [0, 0]},
								"east": {"uv": [0, 0], "uv_size": [0, 0]},
								"south": {"uv": [0, 0], "uv_size": [0, 0]},
								"west": {"uv": [0, 0], "uv_size": [0, 0]},
								"up": {"uv": [0, 0], "uv_size": [0, 0]},
								"down": {"uv": [0, 0], "uv_size": [0, 0]}
							}
						}
					]
				}
			]
		}
	]
}