{
	"format_version": "1.12.0",
	"minecraft:geometry": [
		{
			"description": {
				"identifier": "geometry.unknown",
				"texture_width": 128,
				"texture_height": 128,
				"visible_bounds_width": 5,
				"visible_bounds_height": 4.5,
				"visible_bounds_offset": [0, 1.75, 0]
			},
			"bones": [
				{
					"name": "bipedHead",
					"pivot": [0, 24, 0]
				},
				{
					"name": "armorHead",
					"parent": "bipedHead",
					"pivot": [0, 24, 0],
					"cubes": [
						{
							"origin": [-6.7575, 29.86844, -7.07246],
							"size": [13.56, 0.5, 13.06],
							"uv": {
								"north": {"uv": [76, 34], "uv_size": [14, 1]},
								"east": {"uv": [76, 36], "uv_size": [13, 1]},
								"south": {"uv": [76, 35], "uv_size": [14, 1]},
								"west": {"uv": [76, 37], "uv_size": [13, 1]},
								"up": {"uv": [20, 74], "uv_size": [14, 13]},
								"down": {"uv": [34, 87], "uv_size": [14, -13]}
							}
						},
						{
							"origin": [5.75437, 30.89676, -7.07246],
							"size": [2.56, 0.5, 13.06],
							"pivot": [7.03437, 31.14676, -0.54246],
							"rotation": [0, 0, -67.5],
							"uv": {
								"north": {"uv": [36, 27], "uv_size": [3, 1]},
								"east": {"uv": [76, 38], "uv_size": [13, 1]},
								"south": {"uv": [39, 27], "uv_size": [3, 1]},
								"west": {"uv": [76, 39], "uv_size": [13, 1]},
								"up": {"uv": [32, 0], "uv_size": [3, 13]},
								"down": {"uv": [25, 58], "uv_size": [3, -13]}
							}
						},
						{
							"origin": [-8.31437, 30.89676, -7.07246],
							"size": [2.56, 0.5, 13.06],
							"pivot": [-7.03437, 31.14676, -0.54246],
							"rotation": [0, 0, 67.5],
							"uv": {
								"north": {"uv": [52, 43], "uv_size": [3, 1]},
								"east": {"uv": [76, 40], "uv_size": [13, 1]},
								"south": {"uv": [68, 29], "uv_size": [3, 1]},
								"west": {"uv": [76, 41], "uv_size": [13, 1]},
								"up": {"uv": [17, 75], "uv_size": [3, 13]},
								"down": {"uv": [76, 34], "uv_size": [3, -13]}
							}
						},
						{
							"origin": [-3.4175, 31.52982, -3.2984],
							"size": [6.79, 7.605, 7.02],
							"pivot": [0, 34.9772, 1.25],
							"rotation": [-22.5, 0, 0],
							"uv": {
								"north": {"uv": [52, 32], "uv_size": [7, 8]},
								"east": {"uv": [68, 21], "uv_size": [7, 8]},
								"south": {"uv": [48, 74], "uv_size": [7, 8]},
								"west": {"uv": [55, 74], "uv_size": [7, 8]},
								"up": {"uv": [62, 74], "uv_size": [7, 7]},
								"down": {"uv": [69, 81], "uv_size": [7, -7]}
							}
						},
						{
							"origin": [-4.4925, 30.39009, -4.35564],
							"size": [9.03, 4.8025, 8.745],
							"uv": {
								"north": {"uv": [34, 68], "uv_size": [9, 5]},
								"east": {"uv": [44, 23], "uv_size": [8, 5]},
								"south": {"uv": [0, 75], "uv_size": [9, 5]},
								"west": {"uv": [9, 75], "uv_size": [8, 5]},
								"up": {"uv": [16, 45], "uv_size": [9, 8]},
								"down": {"uv": [16, 61], "uv_size": [9, -8]}
							}
						},
						{
							"origin": [-4.7425, 31.14009, -4.60564],
							"size": [9.53, 1.8025, 9.245],
							"uv": {
								"north": {"uv": [117, 45], "uv_size": [-9, 1]},
								"east": {"uv": [108, 45], "uv_size": [-8, 1]},
								"south": {"uv": [117, 45], "uv_size": [-9, 1]},
								"west": {"uv": [91, 45], "uv_size": [-8, 1]},
								"up": {"uv": [100, 37], "uv_size": [-9, 8]},
								"down": {"uv": [109, 45], "uv_size": [-9, -8]}
							}
						},
						{
							"origin": [-3.5, 30.64009, -5.55564],
							"size": [3, 3, 4],
							"pivot": [-3.0375, 35.2272, -6.75],
							"rotation": [0, 0, -5],
							"uv": {
								"north": {"uv": [20, 61], "uv_size": [5, 5]},
								"east": {"uv": [32, 13], "uv_size": [4, 3]},
								"south": {"uv": [40, 65], "uv_size": [3, 3]},
								"west": {"uv": [52, 40], "uv_size": [4, 3]},
								"up": {"uv": [56, 40], "uv_size": [3, 4]},
								"down": {"uv": [40, 65], "uv_size": [3, -4]}
							}
						},
						{"origin": [-4.75, 22.5, -4.75], "size": [9.5, 3.85, 9.5], "uv": [0, 16]},
						{
							"origin": [0.25, 30.39009, -5.55564],
							"size": [3, 3, 4],
							"pivot": [1.75, 31.89009, -3.55564],
							"rotation": [0, 0, 5],
							"uv": {
								"north": {"uv": [0, 81], "uv_size": [5, 5]},
								"east": {"uv": [6, 81], "uv_size": [4, 3]},
								"south": {"uv": [40, 65], "uv_size": [3, 3]},
								"west": {"uv": [11, 81], "uv_size": [4, 3]},
								"up": {"uv": [6, 85], "uv_size": [3, 4]},
								"down": {"uv": [11, 89], "uv_size": [3, -4]}
							}
						}
					]
				},
				{
					"name": "bipedBody",
					"pivot": [0, 24, 0]
				},
				{
					"name": "armorBody",
					"parent": "bipedBody",
					"pivot": [0, 24, 0],
					"cubes": [
						{"origin": [-4.5, 11.9, -2.75], "size": [9, 12.45, 5.5], "uv": [0, 28]},
						{"origin": [-5.75, 1.5, -3], "size": [2, 11.5, 6], "pivot": [-4.75, 7.25, 0], "rotation": [0, 0, 10], "uv": [28, 44]},
						{"origin": [3.75, 1.5, -3], "size": [2, 11.5, 6], "pivot": [4.75, 7.25, 0], "rotation": [0, 0, -10], "uv": [36, 0]},
						{"origin": [-4.2425, 12.64009, -2.35564], "size": [8.53, 1.8025, 4.695], "uv": [87, 41], "mirror": true},
						{"origin": [-7.67176, 17.23646, -3.05], "size": [15.15, 2, 6.15], "pivot": [-0.09676, 18.23646, 0.025], "rotation": [0, 0, 51], "uv": [79, 48]},
						{"origin": [-4.67176, 18.23646, -2.85], "size": [9.4, 1, 5.95], "uv": [82, 49]},
						{"origin": [-3.50883, 15.15875, 3.2], "size": [6.95, 6, 3.3], "uv": [83, 57]},
						{
							"origin": [-3.50883, 16.65875, 6.85],
							"size": [4.95, 3, 0],
							"pivot": [-1.03383, 18.15875, 6.85],
							"rotation": [0, 0, -22.5],
							"uv": {
								"north": {"uv": [88, 67], "uv_size": [4, 3]},
								"east": {"uv": [90, 72], "uv_size": [0, 3]},
								"south": {"uv": [67, 84], "uv_size": [11, 7]},
								"west": {"uv": [96, 72], "uv_size": [0, 3]},
								"up": {"uv": [88, 67], "uv_size": [4, 0]},
								"down": {"uv": [91, 71], "uv_size": [4, 0]}
							}
						},
						{
							"origin": [-2.00883, 16.65875, 6.95],
							"size": [4.95, 3, 0],
							"uv": {
								"north": {"uv": [88, 67], "uv_size": [4, 3]},
								"east": {"uv": [90, 72], "uv_size": [0, 3]},
								"south": {"uv": [67, 84], "uv_size": [11, 7]},
								"west": {"uv": [96, 72], "uv_size": [0, 3]},
								"up": {"uv": [88, 67], "uv_size": [4, 0]},
								"down": {"uv": [91, 71], "uv_size": [4, 0]}
							}
						},
						{
							"origin": [-2.50883, 15.15875, 6.5],
							"size": [4.95, 3, 0.5],
							"uv": {
								"north": {"uv": [88, 67], "uv_size": [4, 3]},
								"east": {"uv": [96, 67], "uv_size": [-1, 3]},
								"south": {"uv": [92, 67], "uv_size": [4, 3]},
								"west": {"uv": [95, 67], "uv_size": [1, 3]},
								"up": {"uv": [88, 67], "uv_size": [4, 0]},
								"down": {"uv": [92, 70], "uv_size": [4, -1]}
							}
						},
						{
							"origin": [-4.05883, 15.15875, 3.75],
							"size": [0.5, 3, 2.25],
							"uv": {
								"north": {"uv": [105, 60], "uv_size": [-1, 3]},
								"east": {"uv": [103, 60], "uv_size": [2, 3]},
								"south": {"uv": [105, 60], "uv_size": [-1, 3]},
								"west": {"uv": [105, 60], "uv_size": [2, 3]},
								"up": {"uv": [105, 58], "uv_size": [0, 2]},
								"down": {"uv": [104, 63], "uv_size": [-1, -2]}
							}
						},
						{
							"origin": [3.55883, 15.15875, 3.75],
							"size": [0.5, 3, 2.25],
							"uv": {
								"north": {"uv": [105, 60], "uv_size": [-1, 3]},
								"east": {"uv": [107, 60], "uv_size": [-2, 3]},
								"south": {"uv": [104, 60], "uv_size": [1, 3]},
								"west": {"uv": [105, 60], "uv_size": [-2, 3]},
								"up": {"uv": [105, 58], "uv_size": [0, 2]},
								"down": {"uv": [104, 63], "uv_size": [-1, -2]}
							}
						},
						{
							"origin": [-2.4, 20.25, 4.4],
							"size": [5.5, 1.5, 1.5],
							"pivot": [0.35, 20.5, 5.15],
							"rotation": [0, 0, -112.5],
							"uv": {
								"north": {"uv": [99, 69], "uv_size": [7, 2]},
								"east": {"uv": [82, 80], "uv_size": [1, 1]},
								"south": {"uv": [99, 75], "uv_size": [7, 2]},
								"west": {"uv": [88, 80], "uv_size": [1, 1]},
								"up": {"uv": [99, 71], "uv_size": [7, 2]},
								"down": {"uv": [99, 75], "uv_size": [7, -2]}
							}
						},
						{
							"origin": [-4.4, 19.25, 4.4],
							"size": [5.5, 1.5, 1.5],
							"pivot": [-1.65, 19.5, 5.15],
							"rotation": [0, 0, -102.5],
							"uv": {
								"north": {"uv": [99, 69], "uv_size": [7, 2]},
								"east": {"uv": [95, 79], "uv_size": [1, 1]},
								"south": {"uv": [99, 75], "uv_size": [7, 2]},
								"west": {"uv": [101, 79], "uv_size": [1, 1]},
								"up": {"uv": [99, 71], "uv_size": [7, 2]},
								"down": {"uv": [99, 75], "uv_size": [7, -2]}
							}
						},
						{
							"origin": [-1.1, 20.25, 4.4],
							"size": [5.5, 1.5, 1.5],
							"pivot": [1.65, 20.5, 5.15],
							"rotation": [0, 0, 90],
							"uv": {
								"north": {"uv": [106, 69], "uv_size": [-7, 2]},
								"east": {"uv": [102, 82], "uv_size": [-1, 1]},
								"south": {"uv": [106, 75], "uv_size": [-7, 2]},
								"west": {"uv": [96, 82], "uv_size": [-1, 1]},
								"up": {"uv": [106, 71], "uv_size": [-7, 2]},
								"down": {"uv": [106, 75], "uv_size": [-7, -2]}
							}
						}
					]
				},
				{
					"name": "bipedRightArm",
					"pivot": [-4, 22, 0]
				},
				{
					"name": "armorRightArm",
					"parent": "bipedRightArm",
					"pivot": [-4, 22, 0],
					"cubes": [
						{"origin": [-8.25, 14, -2.25], "size": [4.5, 10.25, 4.5], "uv": [44, 60]},
						{
							"origin": [-11.5, 21.15, -2.35],
							"size": [3, 2.85, 4.7],
							"pivot": [-8.25, 22.95, 0],
							"rotation": [0, 0, -22.5],
							"uv": {
								"north": {"uv": [105, 26], "uv_size": [6, 4]},
								"east": {"uv": [99, 26], "uv_size": [6, 4]},
								"south": {"uv": [93, 26], "uv_size": [6, 4]},
								"west": {"uv": [108, 19], "uv_size": [6, 0]},
								"up": {"uv": [93, 18], "uv_size": [6, 8]},
								"down": {"uv": [105, 26], "uv_size": [0, -8]}
							}
						},
						{
							"origin": [-8.5, 22.15, -2.75],
							"size": [4, 2.35, 5.5],
							"pivot": [-8.25, 22.95, 0],
							"rotation": [0, 0, -22.5],
							"uv": {
								"north": {"uv": [105, 11], "uv_size": [-8, 4]},
								"east": {"uv": [113, 11], "uv_size": [10, 4]},
								"south": {"uv": [123, 11], "uv_size": [-10, 4]},
								"west": {"uv": [113, 7], "uv_size": [0, 4]},
								"up": {"uv": [105, 1], "uv_size": [-8, 10]},
								"down": {"uv": [113, 11], "uv_size": [0, -10]}
							}
						},
						{"origin": [-8.5, 13.9, -2.5], "size": [5, 2.35, 5], "uv": [20, 61]}
					]
				},
				{
					"name": "bipedLeftArm",
					"pivot": [4, 22, 0]
				},
				{
					"name": "armorLeftArm",
					"parent": "bipedLeftArm",
					"pivot": [4, 22, 0],
					"cubes": [
						{"origin": [3.75, 14, -2.25], "size": [4.5, 10.25, 4.5], "uv": [60, 32]},
						{"origin": [3.5, 13.9, -2.5], "size": [5, 2.35, 5], "uv": [0, 61]},
						{
							"origin": [4.5, 22.15, -2.75],
							"size": [4, 2.35, 5.5],
							"pivot": [8.25, 22.95, 0],
							"rotation": [0, 0, 22.5],
							"uv": {
								"north": {"uv": [97, 11], "uv_size": [8, 4]},
								"east": {"uv": [87, 11], "uv_size": [0, 4]},
								"south": {"uv": [113, 11], "uv_size": [10, 4]},
								"west": {"uv": [105, 11], "uv_size": [8, 4]},
								"up": {"uv": [97, 1], "uv_size": [8, 10]},
								"down": {"uv": [113, 11], "uv_size": [0, -10]}
							}
						},
						{
							"origin": [8.5, 21.15, -2.35],
							"size": [3, 2.85, 4.7],
							"pivot": [8.25, 22.95, 0],
							"rotation": [0, 0, 22.5],
							"uv": {
								"north": {"uv": [93, 26], "uv_size": [6, 4]},
								"east": {"uv": [88, 26], "uv_size": [0, 4]},
								"south": {"uv": [105, 26], "uv_size": [6, 4]},
								"west": {"uv": [99, 26], "uv_size": [6, 4]},
								"up": {"uv": [93, 18], "uv_size": [6, 8]},
								"down": {"uv": [99, 26], "uv_size": [6, -8]}
							}
						}
					]
				},
				{
					"name": "bipedLeftLeg",
					"pivot": [2, 12, 0]
				},
				{
					"name": "armorLeftLeg",
					"parent": "bipedLeftLeg",
					"pivot": [2, 12, 0],
					"cubes": [
						{"origin": [-0.25, 2, -2.25], "size": [4.5, 10.5, 4.5], "uv": [60, 60]}
					]
				},
				{
					"name": "armorLeftBoot",
					"parent": "bipedLeftLeg",
					"pivot": [2, 12, 0],
					"cubes": [
						{"origin": [-0.5, -0.1, -2.5], "size": [5, 2.1, 5], "uv": [68, 0]},
						{"origin": [0.25, -0.1, -3.75], "size": [3.5, 1.1, 1.25], "uv": [36, 25]}
					]
				},
				{
					"name": "bipedRightLeg",
					"pivot": [-2, 12, 0]
				},
				{
					"name": "armorRightLeg",
					"parent": "bipedRightLeg",
					"pivot": [-2, 12, 0],
					"cubes": [
						{"origin": [-4.25, 2, -2.25], "size": [4.5, 10.5, 4.5], "uv": [60, 46]}
					]
				},
				{
					"name": "armorRightBoot",
					"parent": "bipedRightLeg",
					"pivot": [-2, 12, 0],
					"cubes": [
						{"origin": [-4.5, -0.1, -2.5], "size": [5, 2.1, 5], "uv": [0, 68]},
						{"origin": [-3.75, -0.1, -3.75], "size": [3.5, 1.1, 1.25], "uv": [36, 23]}
					]
				}
			]
		}
	]
}