{
	"format_version": "1.12.0",
	"minecraft:geometry": [
		{
			"description": {
				"identifier": "geometry.unknown",
				"texture_width": 128,
				"texture_height": 128,
				"visible_bounds_width": 3,
				"visible_bounds_height": 4.5,
				"visible_bounds_offset": [0, 1.75, 0]
			},
			"bones": [
				{
					"name": "bipedHead",
					"pivot": [0, 24, 0]
				},
				{
					"name": "armorHead",
					"parent": "bipedHead",
					"pivot": [0, 24, 0],
					"cubes": [
						{"origin": [-4.75, 23.5, -4.625], "size": [9.5, 4, 9.25], "uv": [30, 35]},
						{"origin": [-4.1, 29.48648, -4.61623], "size": [8.2, 4, 9.75], "pivot": [-0.01728, 29.13653, -0.99784], "rotation": [7.5, 0, 0], "uv": [93, 31]},
						{"origin": [-4.5, 29.54453, -4.52368], "size": [9, 6, 11], "pivot": [-0.01728, 29.13653, -0.99784], "rotation": [7.5, 0, 0], "uv": [88, 104]},
						{"origin": [-5.68647, 29.48117, -6.64258], "size": [9.5, 3, 9.5], "pivot": [-0.01728, 29.13653, -0.99784], "rotation": [10.54684, -44.5119, -7.43656], "uv": [60, 115]}
					]
				},
				{
					"name": "bipedBody",
					"pivot": [0, 24, 0]
				},
				{
					"name": "armorBody",
					"parent": "bipedBody",
					"pivot": [0, 24, 0],
					"cubes": [
						{"origin": [-6.00126, 23.4, -5.625], "size": [12.25, 5.1, 11.25], "uv": [81, 87], "mirror": true},
						{
							"origin": [1.49156, 15.36986, -3.8],
							"size": [0.6, 2.5, 0.6],
							"pivot": [1.853, 15.51213, -3.5],
							"rotation": [0, 0, -7.5],
							"uv": {
								"north": {"uv": [48, 96], "uv_size": [1, 2]},
								"east": {"uv": [47, 96], "uv_size": [1, 2]},
								"south": {"uv": [49, 96], "uv_size": [1, 2]},
								"west": {"uv": [46, 96], "uv_size": [1, 2]},
								"up": {"uv": [50, 97], "uv_size": [1, 1]},
								"down": {"uv": [50, 98], "uv_size": [1, -1]}
							}
						},
						{
							"origin": [1.32545, 14.86108, -4],
							"size": [1, 2.5, 1],
							"pivot": [1.853, 15.51213, -3.5],
							"rotation": [0, 0, -7.5],
							"uv": {
								"north": {"uv": [80, 25], "uv_size": [3, 4]},
								"east": {"uv": [28, 93], "uv_size": [3, 4]},
								"south": {"uv": [39, 93], "uv_size": [3, 4]},
								"west": {"uv": [42, 93], "uv_size": [3, 4]},
								"up": {"uv": [45, 93], "uv_size": [3, 3]},
								"down": {"uv": [48, 96], "uv_size": [3, -3]}
							}
						},
						{
							"origin": [0.91443, 12.65441, -4.5],
							"size": [2, 3.5, 2],
							"pivot": [1.853, 15.51213, -3.5],
							"rotation": [0, 0, -7.5],
							"uv": {
								"north": {"uv": [35, 87], "uv_size": [4, 6]},
								"east": {"uv": [31, 87], "uv_size": [4, 6]},
								"south": {"uv": [43, 87], "uv_size": [4, 6]},
								"west": {"uv": [39, 87], "uv_size": [4, 6]},
								"up": {"uv": [35, 93], "uv_size": [4, 4]},
								"down": {"uv": [31, 97], "uv_size": [4, -4]}
							}
						},
						{"origin": [-3, 18.4, 3.125], "size": [6, 5, 5], "pivot": [-1.625, 17.45, 7.25], "rotation": [7.5, 0, 0], "uv": [86, 73], "mirror": true},
						{"origin": [-5, 17.05, 5.85328], "size": [10, 2, 2], "uv": [1, 9]},
						{"origin": [-2.5, 16.1, 0.775], "size": [5, 2, 5], "pivot": [-2.125, 12.15, 4.9], "rotation": [-20, 0, 0], "uv": [108, 74], "mirror": true},
						{"origin": [-4.65, 15.75, -2.65], "size": [9.3, 8.7, 5.4], "uv": [30, 14]},
						{"origin": [-6, 20.1, -2.7], "size": [12, 3.2, 0], "uv": [12, 82]},
						{"origin": [-4.4, 14.1, -2.4], "size": [8.8, 1.7, 4.9], "uv": [86, 1]},
						{"origin": [-5.65, 13.3, -2.7], "size": [10.55, 1, 5.5], "pivot": [0, 13.45, 0.05], "rotation": [0, 0, -17.5], "uv": [31, 81]},
						{"origin": [-0.65, 20.3, 0.8], "size": [10.55, 1, 3.25], "pivot": [5, 20.45, 1.3], "rotation": [0, 0, -17.5], "uv": [33, 83]},
						{"origin": [-9.9, 20.3, 0.8], "size": [10.55, 1, 3.25], "pivot": [-5, 20.45, 1.3], "rotation": [0, 0, 17.5], "uv": [33, 83], "mirror": true},
						{
							"origin": [-7.65, 1.75, 4.75],
							"size": [15.3, 22.55, 0],
							"pivot": [0, 13.05, 4.05],
							"rotation": [7.5, 0, 0],
							"uv": {
								"north": {"uv": [0, 96], "uv_size": [0, 22]},
								"east": {"uv": [0, 96], "uv_size": [0, 22]},
								"south": {"uv": [85, 8], "uv_size": [15, 22]},
								"west": {"uv": [15, 14], "uv_size": [0, 22]},
								"up": {"uv": [17, 17], "uv_size": [15, 0]},
								"down": {"uv": [17, 16], "uv_size": [15, 0]}
							}
						},
						{"origin": [-11.23881, 1.42906, 2.58259], "size": [5.3, 14.35, 0], "pivot": [-10.08881, 8.60406, 1.88259], "rotation": [10.54684, -44.5119, -7.43656], "uv": [76, 68]},
						{"origin": [5.93881, 1.42906, 2.58259], "size": [5.3, 14.35, 0], "pivot": [10.08881, 8.60406, 1.88259], "rotation": [10.54684, 44.5119, 7.43656], "uv": [0, 80]}
					]
				},
				{
					"name": "bipedRightArm",
					"pivot": [-4, 22, 0]
				},
				{
					"name": "armorRightArm",
					"parent": "bipedRightArm",
					"pivot": [-4, 22, 0],
					"cubes": [
						{"origin": [-8.25, 11.75, -2.75], "size": [4.5, 2.6, 5.5], "uv": [76, 61]},
						{"origin": [-10.5, 20.25, -2.1], "size": [1, 3.6, 4], "uv": [63, 98], "mirror": true},
						{"origin": [-10, 20.25, -2.85], "size": [4.75, 4.35, 5.25], "uv": [69, 85], "mirror": true},
						{"origin": [-8.7, 14.35, -2.95], "size": [5.15, 3.6, 5.9], "uv": [66, 28]},
						{"origin": [-9.25, 17.75, -2.75], "size": [5.5, 6.6, 6], "uv": [58, 16]}
					]
				},
				{
					"name": "bipedLeftArm",
					"pivot": [4, 22, 0]
				},
				{
					"name": "armorLeftArm",
					"parent": "bipedLeftArm",
					"pivot": [4, 22, 0],
					"cubes": [
						{"origin": [3.75, 11.75, -2.75], "size": [4.5, 2.6, 5.5], "uv": [76, 54]},
						{"origin": [3.75, 17.75, -2.75], "size": [5.5, 6.6, 6], "uv": [0, 36]},
						{"origin": [9.5, 20.25, -2.1], "size": [1, 3.6, 4], "uv": [63, 98]},
						{"origin": [5.25, 20.25, -2.85], "size": [4.75, 4.35, 5.25], "uv": [69, 85]},
						{"origin": [3.55, 14.35, -2.95], "size": [5.15, 3.6, 5.9], "uv": [32, 65]}
					]
				},
				{
					"name": "bipedLeftLeg",
					"pivot": [2, 12, 0]
				},
				{
					"name": "armorLeftLeg",
					"parent": "bipedLeftLeg",
					"pivot": [2, 12, 0],
					"cubes": [
						{"origin": [3, 7.35, -2.5], "size": [3, 6.75, 5.25], "pivot": [1.5, 5.6, 0], "rotation": [0, 0, -10], "uv": [95, 49], "mirror": true}
					]
				},
				{
					"name": "armorLeftBoot",
					"parent": "bipedLeftLeg",
					"pivot": [2, 12, 0],
					"cubes": [
						{"origin": [-0.25, -0.25, -2.25], "size": [4.5, 7.5, 4.5], "uv": [42, 0]},
						{"origin": [-0.75, 4.75, -2.75], "size": [5.5, 2.6, 5.5], "uv": [66, 36]},
						{"origin": [0.25, -0.25, -3.75], "size": [3.5, 1.35, 1.5], "uv": [22, 36]}
					]
				},
				{
					"name": "bipedRightLeg",
					"pivot": [-2, 12, 0]
				},
				{
					"name": "armorRightLeg",
					"parent": "bipedRightLeg",
					"pivot": [-2, 12, 0],
					"cubes": [
						{"origin": [-6, 7.35, -2.5], "size": [3, 6.75, 5.25], "pivot": [-1.5, 5.6, 0], "rotation": [0, 0, 10], "uv": [95, 61]}
					]
				},
				{
					"name": "armorRightBoot",
					"parent": "bipedRightLeg",
					"pivot": [-2, 12, 0],
					"cubes": [
						{"origin": [-4.25, -0.25, -2.25], "size": [4.5, 7.5, 4.5], "uv": [76, 43]},
						{"origin": [-4.75, 4.75, -2.75], "size": [5.5, 2.6, 5.5], "uv": [32, 73]},
						{"origin": [-3.75, -0.25, -3.75], "size": [3.5, 1.35, 1.5], "uv": [22, 38]}
					]
				}
			]
		}
	]
}