{
	"format_version": "1.12.0",
	"minecraft:geometry": [
		{
			"description": {
				"identifier": "geometry.unknown",
				"texture_width": 128,
				"texture_height": 128,
				"visible_bounds_width": 4,
				"visible_bounds_height": 3.5,
				"visible_bounds_offset": [0, 1.25, 0]
			},
			"bones": [
				{
					"name": "bipedHead",
					"pivot": [0, 24, 0]
				},
				{
					"name": "armorHead",
					"parent": "bipedHead",
					"pivot": [0, 24, 0],
					"cubes": [
						{
							"origin": [-4.5, 23.5, -4.5],
							"size": [9, 9, 9],
							"uv": {
								"north": {"uv": [9, 10], "uv_size": [9, 0]},
								"east": {"uv": [0, 9], "uv_size": [9, 9]},
								"south": {"uv": [27, 9], "uv_size": [9, 9]},
								"west": {"uv": [18, 9], "uv_size": [9, 9]},
								"up": {"uv": [9, 0], "uv_size": [9, 9]},
								"down": {"uv": [18, 9], "uv_size": [9, -9]}
							}
						},
						{
							"origin": [-4.5, 22.5, -4.5],
							"size": [9, 11, 0],
							"uv": {
								"north": {"uv": [0, 102], "uv_size": [18, 22]},
								"east": {"uv": [0, 88], "uv_size": [0, 11]},
								"south": {"uv": [19, 105], "uv_size": [9, 0]},
								"west": {"uv": [9, 88], "uv_size": [0, 11]},
								"up": {"uv": [0, 88], "uv_size": [9, 0]},
								"down": {"uv": [9, 88], "uv_size": [9, 0]}
							}
						},
						{
							"origin": [-4.5, 23.5, 0.5],
							"size": [0, 4, 4],
							"pivot": [-4.5, 27.5, 0],
							"rotation": [0, 0, 22.5],
							"uv": {
								"north": {"uv": [28, 18], "uv_size": [0, 4]},
								"east": {"uv": [24, 18], "uv_size": [4, 4]},
								"south": {"uv": [32, 18], "uv_size": [0, 4]},
								"west": {"uv": [27, 0], "uv_size": [4, 4]},
								"up": {"uv": [28, 14], "uv_size": [0, 4]},
								"down": {"uv": [28, 18], "uv_size": [0, -4]}
							}
						},
						{
							"origin": [4.5, 23.5, 0.5],
							"size": [0, 4, 4],
							"pivot": [4.5, 27.5, 0],
							"rotation": [0, 0, -22.5],
							"uv": {
								"north": {"uv": [28, 22], "uv_size": [0, 4]},
								"east": {"uv": [31, 0], "uv_size": [-4, 4]},
								"south": {"uv": [32, 22], "uv_size": [0, 4]},
								"west": {"uv": [28, 22], "uv_size": [-4, 4]},
								"up": {"uv": [28, 18], "uv_size": [0, 4]},
								"down": {"uv": [28, 22], "uv_size": [0, -4]}
							}
						},
						{
							"origin": [0, 23.5, 0.75],
							"size": [0, 4, 9],
							"pivot": [0, 25.5, 5.25],
							"rotation": [90, -67.5, -90],
							"uv": {
								"north": {"uv": [9, 9], "uv_size": [0, 4]},
								"east": {"uv": [27, 0], "uv_size": [-9, 4]},
								"south": {"uv": [18, 9], "uv_size": [0, 4]},
								"west": {"uv": [9, 5], "uv_size": [-9, 4]},
								"up": {"uv": [9, 0], "uv_size": [0, 9]},
								"down": {"uv": [9, 9], "uv_size": [0, -9]}
							}
						},
						{"origin": [-4.75, 23.5, -4.45], "size": [9.5, 1, 9.3], "uv": [17, 91]},
						{
							"origin": [-5.40091, 25.57263, -4.8991],
							"size": [6.1, 4, 0],
							"pivot": [0, 29.16159, -0.13123],
							"rotation": [-90, -37.5, 90],
							"uv": {
								"north": {"uv": [18, 93], "uv_size": [6, 4]},
								"east": {"uv": [0, 0], "uv_size": [0, 4]},
								"south": {"uv": [32, 83], "uv_size": [4, 4]},
								"west": {"uv": [0, 0], "uv_size": [0, 4]},
								"up": {"uv": [0, 0], "uv_size": [4, 0]},
								"down": {"uv": [0, 0], "uv_size": [4, 0]}
							}
						},
						{
							"origin": [-2.84264, 24.55946, -6.93994],
							"size": [7.65, 6, 0],
							"pivot": [0, 29.16159, -0.13123],
							"rotation": [-54.6665, -13.47157, 18.19144],
							"uv": {
								"north": {"uv": [24, 85], "uv_size": [8, 6]},
								"east": {"uv": [0, 0], "uv_size": [0, 4]},
								"south": {"uv": [16, 83], "uv_size": [8, 4]},
								"west": {"uv": [0, 0], "uv_size": [0, 4]},
								"up": {"uv": [0, 0], "uv_size": [8, 0]},
								"down": {"uv": [0, 0], "uv_size": [8, 0]}
							}
						},
						{
							"origin": [-4.80736, 24.55946, -6.93994],
							"size": [7.65, 6, 0],
							"pivot": [0, 29.16159, -0.13123],
							"rotation": [-54.6665, 13.47157, -18.19144],
							"uv": {
								"north": {"uv": [24, 79], "uv_size": [8, 6]},
								"east": {"uv": [0, 0], "uv_size": [0, 4]},
								"south": {"uv": [82, 37], "uv_size": [8, 4]},
								"west": {"uv": [0, 0], "uv_size": [0, 4]},
								"up": {"uv": [0, 0], "uv_size": [8, 0]},
								"down": {"uv": [0, 0], "uv_size": [8, 0]}
							}
						},
						{
							"origin": [-0.68909, 25.57252, -4.8991],
							"size": [6.1, 4, 0],
							"pivot": [0, 29.16159, -0.13123],
							"rotation": [-90, 37.5, -90],
							"uv": {
								"north": {"uv": [31, 110], "uv_size": [6, 4]},
								"east": {"uv": [0, 0], "uv_size": [0, 4]},
								"south": {"uv": [86, 52], "uv_size": [4, 4]},
								"west": {"uv": [0, 0], "uv_size": [0, 4]},
								"up": {"uv": [0, 0], "uv_size": [4, 0]},
								"down": {"uv": [0, 0], "uv_size": [4, 0]}
							}
						},
						{"origin": [-1, 30.5, 2.5], "size": [2, 3, 2], "pivot": [0, 32, 3.5], "rotation": [-67.5, 0, 0], "uv": [76, 63]},
						{"origin": [-1.8875, 31.92413, 2.85126], "size": [3.775, 5.3975, 3.775], "pivot": [0, 32.16457, 4.86558], "rotation": [-85, 0, 0], "uv": [72, 76]},
						{"origin": [-1.51, 33.14226, 1.49097], "size": [3.02, 8.4175, 3.02], "pivot": [0, 32.16457, 4.86558], "rotation": [-130, 0, 0], "uv": [52, 76]},
						{"origin": [-1.1325, 34.98382, -2.65142], "size": [2.265, 11.4375, 2.265], "pivot": [0, 32.16457, 4.86558], "rotation": [-175, 0, 0], "uv": [64, 76]},
						{
							"origin": [0, 9.36601, 5.84313],
							"size": [0, 11.4375, 9.265],
							"pivot": [0, 15.08476, 10.47563],
							"rotation": [20, 0, 0],
							"uv": {
								"north": {"uv": [55, 87], "uv_size": [0, 11]},
								"east": {"uv": [55, 87], "uv_size": [0, 11]},
								"south": {"uv": [64, 87], "uv_size": [0, 11]},
								"west": {"uv": [55, 87], "uv_size": [9, 11]},
								"up": {"uv": [55, 78], "uv_size": [0, 9]},
								"down": {"uv": [55, 87], "uv_size": [0, -9]}
							}
						},
						{"origin": [-0.9815, 35.45489, -8.91512], "size": [1.963, 4.9075, 1.963], "pivot": [0, 32.16457, 4.86558], "rotation": [140, 0, 0], "uv": [12, 78]},
						{"origin": [-0.8305, 46.09932, 0.21175], "size": [1.661, 4.9075, 1.661], "pivot": [0, 32.16457, 4.86558], "rotation": [-175, 0, 0], "uv": [78, 33]},
						{
							"origin": [-0.453, 9.99918, 1.06023],
							"size": [0.906, 4.9075, 1.2835],
							"pivot": [0, 32.16457, 4.86558],
							"rotation": [27.5, 0, 0],
							"uv": {
								"north": {"uv": [68, 41], "uv_size": [1, 4]},
								"east": {"uv": [64, 41], "uv_size": [1, 4]},
								"south": {"uv": [66, 41], "uv_size": [1, 4]},
								"west": {"uv": [65, 41], "uv_size": [1, 4]},
								"up": {"uv": [68, 41], "uv_size": [-1, 1]},
								"down": {"uv": [68, 43], "uv_size": [-1, -1]}
							}
						},
						{
							"origin": [-0.5, 25, 1.25],
							"size": [1, 8.5, 2.5],
							"pivot": [0, 32, 2.25],
							"rotation": [-90, 0, 0],
							"uv": {
								"north": {"uv": [2, 80], "uv_size": [1, 8]},
								"east": {"uv": [0, 80], "uv_size": [2, 8]},
								"south": {"uv": [5, 80], "uv_size": [1, 8]},
								"west": {"uv": [3, 80], "uv_size": [2, 8]},
								"up": {"uv": [2, 78], "uv_size": [1, 2]},
								"down": {"uv": [3, 80], "uv_size": [1, -2]}
							}
						}
					]
				},
				{
					"name": "bipedBody",
					"pivot": [0, 24, 0]
				},
				{
					"name": "armorBody",
					"parent": "bipedBody",
					"pivot": [0, 24, 0],
					"cubes": [
						{"origin": [-4.5, 18.75, -2.75], "size": [9, 5.5, 5.75], "uv": [0, 34]},
						{"origin": [-5.19971, 9.36861, -2.7], "size": [4.5, 7.75, 5.7], "pivot": [0, 12.77255, 0], "rotation": [0, 0, 7.5], "uv": [18, 61]},
						{"origin": [0.69971, 9.36861, -2.7], "size": [4.5, 7.75, 5.7], "pivot": [0, 12.77255, 0], "rotation": [0, 0, -7.5], "uv": [0, 60]},
						{
							"origin": [-4.25, 17, -2.25],
							"size": [8.5, 1.75, 5],
							"uv": {
								"north": {"uv": [57, 38], "uv_size": [8, 2]},
								"east": {"uv": [52, 38], "uv_size": [5, 2]},
								"south": {"uv": [70, 38], "uv_size": [8, 2]},
								"west": {"uv": [65, 38], "uv_size": [5, 2]},
								"up": {"uv": [57, 35], "uv_size": [8, 0]},
								"down": {"uv": [57, 35], "uv_size": [8, 0]}
							}
						},
						{
							"origin": [-1.5, 17, -3.35],
							"size": [3, 2, 1],
							"uv": {
								"north": {"uv": [69, 35], "uv_size": [4, 3]},
								"east": {"uv": [68, 35], "uv_size": [1, 3]},
								"south": {"uv": [70, 33], "uv_size": [3, 0]},
								"west": {"uv": [67, 35], "uv_size": [1, 3]},
								"up": {"uv": [69, 34], "uv_size": [4, 1]},
								"down": {"uv": [73, 35], "uv_size": [4, -1]}
							}
						},
						{
							"origin": [-6.4, 14.25, -4.6],
							"size": [5.5, 1.5, 1.5],
							"pivot": [-3.65, 14.5, -3.85],
							"rotation": [0, 0, -102.5],
							"uv": {
								"north": {"uv": [92, 42], "uv_size": [7, 2]},
								"east": {"uv": [99, 42], "uv_size": [2, 2]},
								"south": {"uv": [92, 36], "uv_size": [7, 2]},
								"west": {"uv": [99, 40], "uv_size": [2, 2]},
								"up": {"uv": [92, 40], "uv_size": [7, 2]},
								"down": {"uv": [92, 40], "uv_size": [7, -2]}
							}
						},
						{
							"origin": [-4.4, 15.25, -4.6],
							"size": [5.5, 1.5, 1.5],
							"pivot": [-1.65, 15.5, -3.85],
							"rotation": [0, 0, -112.5],
							"uv": {
								"north": {"uv": [92, 42], "uv_size": [7, 2]},
								"east": {"uv": [86, 48], "uv_size": [2, 2]},
								"south": {"uv": [92, 40], "uv_size": [7, 2]},
								"west": {"uv": [88, 48], "uv_size": [2, 2]},
								"up": {"uv": [92, 38], "uv_size": [7, 2]},
								"down": {"uv": [92, 38], "uv_size": [7, -2]}
							}
						},
						{"origin": [1.5, 17, -3.9], "size": [3, 2, 1], "pivot": [3, 18, -3.4], "rotation": [0, 0, -90], "uv": [84, 41]},
						{"origin": [2.5, 13.25, -4.15], "size": [3, 4, 1.25], "pivot": [4, 14.25, -3.4], "rotation": [0, 0, -90], "uv": [88, 28]},
						{
							"origin": [-5.25, 15, -3],
							"size": [11.25, 1.75, 6.5],
							"pivot": [-0.5, 14, 0],
							"rotation": [0, 0, -22.5],
							"uv": {
								"north": {"uv": [91, 82], "uv_size": [11, 2]},
								"east": {"uv": [85, 82], "uv_size": [6, 2]},
								"south": {"uv": [108, 82], "uv_size": [11, 2]},
								"west": {"uv": [102, 82], "uv_size": [6, 2]},
								"up": {"uv": [89.9, 78], "uv_size": [11, 0]},
								"down": {"uv": [89.9, 78], "uv_size": [11, 0]}
							}
						},
						{
							"origin": [-1.5, 15, -2.9],
							"size": [6.9, 1.75, 6.3],
							"pivot": [-0.5, 14, 0],
							"rotation": [0, 0, 22.5],
							"uv": {
								"north": {"uv": [91, 80], "uv_size": [7, 2]},
								"east": {"uv": [85, 80], "uv_size": [6, 2]},
								"south": {"uv": [104, 80], "uv_size": [7, 2]},
								"west": {"uv": [98, 80], "uv_size": [6, 2]},
								"up": {"uv": [91, 79], "uv_size": [7, 0]},
								"down": {"uv": [91, 79], "uv_size": [7, 0]}
							}
						},
						{"origin": [0.69971, 5.11861, -2.3], "size": [4.5, 11.75, 5], "pivot": [0, 8.52255, 0], "rotation": [0, 0, -7.5], "uv": [0, 44]},
						{"origin": [-2.30029, 7.11861, -2.5], "size": [4.5, 9.75, 5], "uv": [56, 16]},
						{"origin": [-5.19971, 5.11861, -2.4], "size": [4.5, 11.75, 5], "pivot": [0, 8.52255, 0], "rotation": [0, 0, 7.5], "uv": [36, 0]},
						{
							"origin": [-5, 2, 1.25],
							"size": [10, 23, 3],
							"pivot": [0, 23, 4.25],
							"rotation": [12.5, 0, 0],
							"uv": {
								"north": {"uv": [95, 3], "uv_size": [0, 23]},
								"east": {"uv": [102, 3], "uv_size": [3, 23]},
								"south": {"uv": [108, 3], "uv_size": [10, 23]},
								"west": {"uv": [105, 3], "uv_size": [3, 23]},
								"up": {"uv": [95, 0], "uv_size": [10, 3]},
								"down": {"uv": [105, 3], "uv_size": [10, -3]}
							}
						}
					]
				},
				{
					"name": "bipedRightArm",
					"pivot": [-4, 22, 0]
				},
				{
					"name": "armorRightArm",
					"parent": "bipedRightArm",
					"pivot": [-4, 22, 0],
					"cubes": [
						{"origin": [-9, 20, -3.25], "size": [6, 5, 6.75], "uv": [28, 34]},
						{
							"origin": [-8, 23.75, -3.4],
							"size": [0.55, 5, 6],
							"pivot": [-8, 26.75, -0.25],
							"rotation": [0, -22.5, -12.5],
							"uv": {
								"north": {"uv": [74, 17], "uv_size": [1, 5]},
								"east": {"uv": [74, 22], "uv_size": [6, 5]},
								"south": {"uv": [76, 17], "uv_size": [-1, 5]},
								"west": {"uv": [80, 22], "uv_size": [6, 5]},
								"up": {"uv": [77, 16], "uv_size": [-0.5, 6]},
								"down": {"uv": [78.25, 22], "uv_size": [0, -6]}
							}
						},
						{"origin": [-8.5, 19, -2.5], "size": [3.5, 3, 5], "uv": [52, 68]},
						{"origin": [-8.5, 17, -2.5], "size": [4.25, 1.5, 5], "uv": [0, 72]},
						{"origin": [-8.5, 11.75, -2.25], "size": [3.5, 2.75, 4.5], "uv": [74, 27]},
						{"origin": [-9, 13.25, -2.5], "size": [3.5, 3, 5], "pivot": [-7.25, 14.75, 0], "rotation": [0, 0, -10], "uv": [68, 68]}
					]
				},
				{
					"name": "bipedLeftArm",
					"pivot": [4, 22, 0]
				},
				{
					"name": "armorLeftArm",
					"parent": "bipedLeftArm",
					"pivot": [4, 22, 0],
					"cubes": [
						{"origin": [5, 22, -2.75], "size": [4, 3, 5.5], "uv": [66, 40]},
						{
							"origin": [7.45, 23.75, -2.9],
							"size": [0.55, 4, 5.5],
							"pivot": [8, 26.75, -0.25],
							"rotation": [0, 22.5, 12.5],
							"uv": {
								"north": {"uv": [43, 78], "uv_size": [-1, 4]},
								"east": {"uv": [36, 82], "uv_size": [5, 4]},
								"south": {"uv": [44, 78], "uv_size": [-1, 4]},
								"west": {"uv": [41, 82], "uv_size": [5, 4]},
								"up": {"uv": [45.5, 77], "uv_size": [-0.5, 5]},
								"down": {"uv": [44, 82], "uv_size": [0, -5]}
							}
						},
						{"origin": [5, 19, -2.5], "size": [3.5, 3, 5], "uv": [70, 8]},
						{"origin": [5, 11.75, -2.25], "size": [3.5, 2.75, 4.5], "uv": [76, 57]},
						{"origin": [5.5, 13.25, -2.5], "size": [3.5, 3, 5], "pivot": [7.25, 14.75, 0], "rotation": [0, 0, 10], "uv": [70, 0]},
						{
							"origin": [8.8, 13.25, -2.60754],
							"size": [0.45, 3.75, 3.85],
							"pivot": [8, 14.75, 0.74246],
							"rotation": [-45, 0, 10],
							"uv": {
								"north": {"uv": [11, 78], "uv_size": [1, 3]},
								"east": {"uv": [6, 81], "uv_size": [3, 3]},
								"south": {"uv": [11, 78], "uv_size": [-1, 3]},
								"west": {"uv": [9, 81], "uv_size": [3, 3]},
								"up": {"uv": [10, 78], "uv_size": [-1, 3]},
								"down": {"uv": [8, 81], "uv_size": [1, -3]}
							}
						},
						{"origin": [4.25, 17, -2.5], "size": [4.25, 1.5, 5], "uv": [18, 73]}
					]
				},
				{
					"name": "bipedLeftLeg",
					"pivot": [2, 12, 0]
				},
				{
					"name": "armorLeftLeg",
					"parent": "bipedLeftLeg",
					"pivot": [2, 12, 0],
					"cubes": [
						{"origin": [-0.1, 4, -2.05], "size": [4.25, 1.75, 4.3], "uv": [74, 85], "mirror": true},
						{"origin": [-0.25, 3.15, -2.5], "size": [4.5, 5.5, 4], "pivot": [2, 5.9, 0], "rotation": [10, 0, 0], "uv": [66, 48]},
						{
							"origin": [1, 6.4, -3],
							"size": [2, 2.5, 0.5],
							"uv": {
								"north": {"uv": [36, 16], "uv_size": [2, 2]},
								"east": {"uv": [51, 16], "uv_size": [1, 2]},
								"south": {"uv": [34, 18], "uv_size": [0, 2]},
								"west": {"uv": [48, 16], "uv_size": [1, 2]},
								"up": {"uv": [49, 17], "uv_size": [2, -1]},
								"down": {"uv": [49, 17], "uv_size": [2, 1]}
							}
						}
					]
				},
				{
					"name": "armorLeftBoot",
					"parent": "bipedLeftLeg",
					"pivot": [2, 12, 0],
					"cubes": [
						{"origin": [-0.5, -0.2, -2.5], "size": [5, 2.85, 5], "uv": [36, 61]},
						{"origin": [0.34467, -0.1, -3.58566], "size": [3.25, 1, 3.25], "uv": [52, 40]}
					]
				},
				{
					"name": "bipedRightLeg",
					"pivot": [-2, 12, 0]
				},
				{
					"name": "armorRightLeg",
					"parent": "bipedRightLeg",
					"pivot": [-2, 12, 0],
					"cubes": [
						{"origin": [-4.15, 4, -2.05], "size": [4.25, 1.75, 4.3], "uv": [74, 85]},
						{"origin": [-4.25, 3.15, -2.5], "size": [4.5, 5.5, 4], "pivot": [-2, 5.9, 0], "rotation": [10, 0, 0], "uv": [36, 68]},
						{
							"origin": [-3, 6.4, -3],
							"size": [2, 2.5, 0.5],
							"uv": {
								"north": {"uv": [40, 16], "uv_size": [2, 2]},
								"east": {"uv": [44, 16], "uv_size": [1, 2]},
								"south": {"uv": [34, 18], "uv_size": [0, 2]},
								"west": {"uv": [45, 16], "uv_size": [1, 2]},
								"up": {"uv": [46, 16], "uv_size": [2, 1]},
								"down": {"uv": [46, 18], "uv_size": [2, -1]}
							}
						}
					]
				},
				{
					"name": "armorRightBoot",
					"parent": "bipedRightLeg",
					"pivot": [-2, 12, 0],
					"cubes": [
						{"origin": [-4.5, -0.2, -2.5], "size": [5, 2.85, 5], "uv": [56, 61]},
						{"origin": [-3.59467, -0.1, -3.58566], "size": [3.25, 1, 3.25], "uv": [56, 30]}
					]
				}
			]
		}
	]
}