{
	"format_version": "1.12.0",
	"minecraft:geometry": [
		{
			"description": {
				"identifier": "geometry.unknown",
				"texture_width": 128,
				"texture_height": 128,
				"visible_bounds_width": 3,
				"visible_bounds_height": 3.5,
				"visible_bounds_offset": [0, 1.25, 0]
			},
			"bones": [
				{
					"name": "bipedHead",
					"pivot": [0, 24, 0]
				},
				{
					"name": "armorHead",
					"parent": "bipedHead",
					"pivot": [0, 24, 0]
				},
				{
					"name": "bipedBody",
					"pivot": [0, 24, 0]
				},
				{
					"name": "armorBody",
					"parent": "bipedBody",
					"pivot": [0, 24, 0],
					"cubes": [
						{
							"origin": [2.78611, 20.9777, -3.45],
							"size": [1.5, 1.5, 0.25],
							"pivot": [3.53611, 21.7277, -3.325],
							"rotation": [0, 0, -45],
							"uv": {
								"north": {"uv": [9, 94], "uv_size": [-2, 1]},
								"east": {"uv": [8, 94], "uv_size": [1, 1]},
								"south": {"uv": [8, 94], "uv_size": [1, 1]},
								"west": {"uv": [8, 94], "uv_size": [1, 1]},
								"up": {"uv": [7, 95], "uv_size": [1, -1]},
								"down": {"uv": [8, 95], "uv_size": [1, -1]}
							}
						},
						{
							"origin": [-4.21389, 20.9777, -3.45],
							"size": [1.5, 1.5, 0.25],
							"pivot": [-3.46389, 21.7277, -3.325],
							"rotation": [0, 0, 45],
							"uv": {
								"north": {"uv": [7, 95], "uv_size": [2, -1]},
								"east": {"uv": [8, 94], "uv_size": [1, 1]},
								"south": {"uv": [8, 94], "uv_size": [1, 1]},
								"west": {"uv": [8, 94], "uv_size": [1, 1]},
								"up": {"uv": [7, 95], "uv_size": [1, -1]},
								"down": {"uv": [8, 95], "uv_size": [1, -1]}
							}
						},
						{"origin": [-4.55, 12, -2.75], "size": [9.1, 7.1, 5.5], "uv": [0, 74]},
						{"origin": [-1.3, 6, -3.8], "size": [2.6, 7.1, 7.4], "uv": [52, 83]},
						{"origin": [-4.75, 13.5, -3.1], "size": [9.5, 2.1, 6.25], "uv": [-1, 86]},
						{
							"origin": [-2, 13.25, -3.35],
							"size": [4, 2.6, 0.5],
							"uv": {
								"north": {"uv": [7, 94], "uv_size": [4, 3]},
								"east": {"uv": [7, 96], "uv_size": [-1, 2]},
								"south": {"uv": [11, 94], "uv_size": [3, 2]},
								"west": {"uv": [6, 96], "uv_size": [1, 2]},
								"up": {"uv": [7, 97], "uv_size": [3, -1]},
								"down": {"uv": [7, 98], "uv_size": [3, -1]}
							}
						},
						{"origin": [-4.75, 19, -3.15], "size": [9.5, 5.1, 6.65], "uv": [32, 0]},
						{"origin": [-4.5, 22, -3.35], "size": [9, 2.3, 7.1], "uv": [54, 101]},
						{"origin": [-7.5, 7.6, 3.25], "size": [15, 16.1, 1.25], "pivot": [0, 21.6, 0.25], "rotation": [12.5, 0, 0], "uv": [54, 68]}
					]
				},
				{
					"name": "bipedRightArm",
					"pivot": [-4, 22, 0]
				},
				{
					"name": "armorRightArm",
					"parent": "bipedRightArm",
					"pivot": [-4, 22, 0],
					"cubes": [
						{
							"origin": [-9.75, 20.25, -2.75],
							"size": [5, 6.1, 5.5],
							"pivot": [-10, 22.5, 0],
							"rotation": [0, 0, 12.5],
							"uv": {
								"north": {"uv": [28, 41], "uv_size": [-5, 6]},
								"east": {"uv": [21, 24], "uv_size": [10, 12]},
								"south": {"uv": [38, 41], "uv_size": [-5, 6]},
								"west": {"uv": [53.5, 45.25], "uv_size": [5, 6]},
								"up": {"uv": [28, 36], "uv_size": [-5, 5]},
								"down": {"uv": [53.5, 45.25], "uv_size": [5, -5]}
							}
						},
						{"origin": [-8.75, 16.25, -2.45], "size": [3, 6.1, 4.9], "uv": [39, 79], "mirror": true},
						{"origin": [-7.2223, 16.93165, -2.85], "size": [2, 7.1, 5.7], "pivot": [-5, 24, 0], "rotation": [0, 0, 31], "uv": [24, 90], "mirror": true},
						{
							"origin": [-6.88611, 23.4777, -3.1],
							"size": [1, 1, 0.25],
							"pivot": [-6.38611, 24.0277, -2.975],
							"rotation": [0, 0, -14],
							"uv": {
								"north": {"uv": [9, 94], "uv_size": [-2, 1]},
								"east": {"uv": [9, 94], "uv_size": [-1, 1]},
								"south": {"uv": [9, 94], "uv_size": [-1, 1]},
								"west": {"uv": [9, 94], "uv_size": [-1, 1]},
								"up": {"uv": [8, 95], "uv_size": [-1, -1]},
								"down": {"uv": [9, 95], "uv_size": [-1, -1]}
							}
						}
					]
				},
				{
					"name": "bipedLeftArm",
					"pivot": [4, 22, 0]
				},
				{
					"name": "armorLeftArm",
					"parent": "bipedLeftArm",
					"pivot": [4, 22, 0],
					"cubes": [
						{
							"origin": [4.75, 20.25, -2.75],
							"size": [5, 6.1, 5.5],
							"pivot": [10, 22.5, 0],
							"rotation": [0, 0, -12.5],
							"uv": {
								"north": {"uv": [23, 41], "uv_size": [5, 6]},
								"east": {"uv": [18, 41], "uv_size": [5, 6]},
								"south": {"uv": [33, 41], "uv_size": [5, 6]},
								"west": {"uv": [21, 24], "uv_size": [10, 12]},
								"up": {"uv": [23, 36], "uv_size": [5, 5]},
								"down": {"uv": [28, 41], "uv_size": [5, -5]}
							}
						},
						{"origin": [5.75, 16.25, -2.45], "size": [3, 6.1, 4.9], "uv": [39, 79]},
						{"origin": [5.2223, 16.93165, -2.85], "size": [2, 7.1, 5.7], "pivot": [5, 24, 0], "rotation": [0, 0, -31], "uv": [24, 90]},
						{
							"origin": [5.88611, 23.4777, -3.1],
							"size": [1, 1, 0.25],
							"pivot": [6.38611, 24.0277, -2.975],
							"rotation": [0, 0, 14],
							"uv": {
								"north": {"uv": [7, 94], "uv_size": [2, 1]},
								"east": {"uv": [8, 94], "uv_size": [1, 1]},
								"south": {"uv": [8, 94], "uv_size": [1, 1]},
								"west": {"uv": [8, 94], "uv_size": [1, 1]},
								"up": {"uv": [7, 95], "uv_size": [1, -1]},
								"down": {"uv": [8, 95], "uv_size": [1, -1]}
							}
						}
					]
				},
				{
					"name": "bipedLeftLeg",
					"pivot": [2, 12, 0],
					"cubes": [
						{"origin": [0.1, 8.9, -3.6], "size": [4.8, 4.1, 7.25], "uv": [27, 104]}
					]
				},
				{
					"name": "bipedRightLeg",
					"pivot": [-2, 12, 0],
					"cubes": [
						{"origin": [-4.9, 8.9, -3.6], "size": [4.8, 4.1, 7.25], "uv": [2, 105]}
					]
				}
			]
		}
	]
}