{
	"credit": "Made with Blockbench",
	"textures": {
		"1": "waystone_overlays/sharestone_color",
		"texture": "waystones:item/waystone/portstone",
		"particle": "block/andesite"
	},
	"elements": [
		{
			"from": [6, 11, 7.5],
			"to": [9, 12, 8.5],
			"rotation": {"angle": 0, "axis": "y", "origin": [4, 10, 6.5]},
			"faces": {
				"north": {"uv": [9, 4, 6, 5], "texture": "#texture"},
				"east": {"uv": [8, 4, 9, 5], "texture": "#texture"},
				"south": {"uv": [6, 4, 9, 5], "texture": "#texture"},
				"west": {"uv": [6, 4, 7, 5], "texture": "#texture"},
				"up": {"uv": [6, 4, 9, 5], "texture": "#texture"},
				"down": {"uv": [6, 4, 9, 5], "texture": "#texture"}
			}
		},
		{
			"from": [4, 0, 7.5],
			"to": [11, 11, 8.5],
			"rotation": {"angle": 0, "axis": "y", "origin": [4, 0, 6.5]},
			"faces": {
				"north": {"uv": [11, 5, 4, 16], "texture": "#texture"},
				"east": {"uv": [4, 5, 5, 16], "texture": "#texture"},
				"south": {"uv": [4, 5, 11, 16], "texture": "#texture"},
				"west": {"uv": [11, 5, 10, 16], "texture": "#texture"},
				"up": {"uv": [4, 5, 11, 6], "texture": "#texture"},
				"down": {"uv": [4, 15, 11, 16], "texture": "#texture"}
			}
		},
		{
			"from": [11, 1, 7.5],
			"to": [12, 6, 8.5],
			"rotation": {"angle": 0, "axis": "y", "origin": [10, 0, 6.5]},
			"faces": {
				"north": {"uv": [11, 10, 12, 15], "texture": "#texture"},
				"east": {"uv": [11, 10, 12, 15], "texture": "#texture"},
				"south": {"uv": [11, 10, 12, 15], "texture": "#texture"},
				"west": {"uv": [11, 10, 12, 15], "texture": "#texture"},
				"up": {"uv": [11, 10, 12, 11], "texture": "#texture"},
				"down": {"uv": [11, 14, 12, 15], "texture": "#texture"}
			}
		},
		{
			"from": [3, 1, 7.5],
			"to": [4, 6, 8.5],
			"rotation": {"angle": 0, "axis": "y", "origin": [2, 0, 6.5]},
			"faces": {
				"north": {"uv": [3, 10, 4, 15], "texture": "#texture"},
				"east": {"uv": [3, 10, 4, 15], "texture": "#texture"},
				"south": {"uv": [3, 10, 4, 15], "texture": "#texture"},
				"west": {"uv": [3, 10, 4, 15], "texture": "#texture"},
				"up": {"uv": [3, 10, 4, 11], "texture": "#texture"},
				"down": {"uv": [3, 14, 4, 15], "texture": "#texture"}
			}
		},
		{
			"from": [2, 2, 7.5],
			"to": [3, 5, 8.5],
			"rotation": {"angle": 0, "axis": "y", "origin": [1, 3, 6.5]},
			"faces": {
				"north": {"uv": [2, 11, 3, 14], "texture": "#texture"},
				"east": {"uv": [2, 11, 3, 14], "texture": "#texture"},
				"south": {"uv": [2, 11, 3, 14], "texture": "#texture"},
				"west": {"uv": [2, 11, 3, 14], "texture": "#texture"},
				"up": {"uv": [2, 11, 3, 12], "texture": "#texture"},
				"down": {"uv": [2, 13, 3, 14], "texture": "#texture"}
			}
		},
		{
			"from": [12, 2, 7.5],
			"to": [13, 5, 8.5],
			"rotation": {"angle": 0, "axis": "y", "origin": [11, 3, 6.5]},
			"faces": {
				"north": {"uv": [12, 11, 13, 14], "texture": "#texture"},
				"east": {"uv": [12, 11, 13, 14], "texture": "#texture"},
				"south": {"uv": [12, 11, 13, 14], "texture": "#texture"},
				"west": {"uv": [12, 11, 13, 14], "texture": "#texture"},
				"up": {"uv": [12, 11, 13, 12], "texture": "#texture"},
				"down": {"uv": [12, 13, 13, 14], "texture": "#texture"}
			}
		},
		{
			"from": [9, 11, 7.5],
			"to": [10, 12, 8.5],
			"rotation": {"angle": 0, "axis": "y", "origin": [8, 11, 6.5]},
			"faces": {
				"north": {"uv": [9, 4, 10, 5], "texture": "#texture"},
				"east": {"uv": [9, 4, 10, 5], "texture": "#texture"},
				"south": {"uv": [9, 4, 10, 5], "texture": "#texture"},
				"west": {"uv": [9, 4, 10, 5], "texture": "#texture"},
				"up": {"uv": [9, 4, 10, 5], "texture": "#texture"},
				"down": {"uv": [9, 4, 10, 5], "texture": "#texture"}
			}
		},
		{
			"from": [5, 11, 7.5],
			"to": [6, 12, 8.5],
			"rotation": {"angle": 0, "axis": "y", "origin": [4, 11, 6.5]},
			"faces": {
				"north": {"uv": [5, 4, 6, 5], "texture": "#texture"},
				"east": {"uv": [5, 4, 6, 5], "texture": "#texture"},
				"south": {"uv": [5, 4, 6, 5], "texture": "#texture"},
				"west": {"uv": [5, 4, 6, 5], "texture": "#texture"},
				"up": {"uv": [5, 4, 6, 5], "texture": "#texture"},
				"down": {"uv": [5, 4, 6, 5], "texture": "#texture"}
			}
		},
		{
			"from": [6, 12, 7.5],
			"to": [9, 13, 8.5],
			"rotation": {"angle": 0, "axis": "y", "origin": [4, 11, 6.5]},
			"faces": {
				"north": {"uv": [9, 3, 6, 4], "texture": "#texture"},
				"east": {"uv": [8, 3, 9, 4], "texture": "#texture"},
				"south": {"uv": [6, 3, 9, 4], "texture": "#texture"},
				"west": {"uv": [6, 3, 7, 4], "texture": "#texture"},
				"up": {"uv": [6, 3, 9, 4], "texture": "#texture"},
				"down": {"uv": [6, 3, 9, 4], "texture": "#texture"}
			}
		},
		{
			"from": [5, 1, 7.499],
			"to": [10, 11, 8.498],
			"faces": {
				"north": {"uv": [0.625, 0.3125, 0.3125, 0.9375], "texture": "#1", "tintindex": 1},
				"east": {"uv": [0, 0, 0, 0], "texture": "#1", "tintindex": 1},
				"south": {"uv": [0.3125, 0.3125, 0.625, 0.9375], "texture": "#1", "tintindex": 1},
				"west": {"uv": [0, 0, 0, 0], "texture": "#1", "tintindex": 1},
				"up": {"uv": [0, 0, 0, 0], "texture": "#1", "tintindex": 1},
				"down": {"uv": [0, 0, 0, 0], "texture": "#1", "tintindex": 1}
			}
		}
	],
	"gui_light": "front",
	"display": {
		"thirdperson_righthand": {
			"translation": [0, 3, 1],
			"scale": [0.55, 0.55, 0.55]
		},
		"thirdperson_lefthand": {
			"translation": [0, 3, 1],
			"scale": [0.55, 0.55, 0.55]
		},
		"firstperson_righthand": {
			"rotation": [0, -90, 25],
			"translation": [1.13, 3.2, 1.13],
			"scale": [0.68, 0.68, 0.68]
		},
		"firstperson_lefthand": {
			"rotation": [0, -90, 25],
			"translation": [1.13, 3.2, 1.13],
			"scale": [0.68, 0.68, 0.68]
		},
		"ground": {
			"translation": [0, 2, 0],
			"scale": [0.5, 0.5, 0.5]
		},
		"head": {
			"rotation": [0, 180, 0],
			"translation": [0, 13, 7]
		},
		"fixed": {
			"rotation": [0, 180, 0]
		}
	},
	"groups": [
		{
			"name": "bottom",
			"origin": [8, 8, 8],
			"color": 0,
			"nbt": "{}",
			"children": []
		},
		{
			"name": "bottom",
			"origin": [8, 8, 8],
			"color": 0,
			"nbt": "{}",
			"children": []
		},
		{
			"name": "group",
			"origin": [11, 8, 19],
			"color": 0,
			"nbt": "{}",
			"children": [
				{
					"name": "group",
					"origin": [0, 0, 0],
					"color": 0,
					"nbt": "{}",
					"children": [0, 1, 2, 3, 4, 5, 6, 7, 8]
				}
			]
		},
		9
	]
}