{
  "enabled": true,
  "group": {
    "break": {
      "sound_id": "sounds:block.glass.break"
    },
    "fall": {
      "sound_id": "sounds:block.spruce_planks.fall"
    },
    "hit": {
      "sound_id": "minecraft:block.glass.hit"
    },
    "pitch": 1.0,
    "place": {
      "sound_id": "sounds:block.spruce_planks.place"
    },
    "step": {
      "sound_id": "sounds:block.spruce_planks.step"
    },
    "volume": 1.0
  },
  "keys": [
    "rechiseledcreate:spruce_window_bars",
    "rechiseledcreate:spruce_window_bars_connecting",
	"rechiseledcreate:spruce_window_covered",
    "rechiseledcreate:spruce_window_covered_connecting",
	"rechiseledcreate:spruce_window_diagonal",
    "rechiseledcreate:spruce_window_diagonal_connecting",
	"rechiseledcreate:spruce_window_large",
    "rechiseledcreate:spruce_window_large_connecting",
	"rechiseledcreate:spruce_window_panes",
    "rechiseledcreate:spruce_window_panes_connecting",
	"rechiseledcreate:spruce_window_rounded",
    "rechiseledcreate:spruce_window_rounded_connecting",
	"rechiseledcreate:spruce_window_slim",
    "rechiseledcreate:spruce_window_slim_connecting",
	"rechiseledcreate:spruce_window_swirling",
    "rechiseledcreate:spruce_window_swirling_connecting",
	"rechiseledcreate:spruce_window_tiles",
    "rechiseledcreate:spruce_window_tiles_connecting"
  ]
}